deck 0 preimages 25
deck 1 preimages 7
deck 2 preimages 46
deck 3 preimages 44
deck 4 preimages 5
deck 5 preimages 7
deck 6 preimages 16
deck 7 preimages 10
deck 8 preimages 88
deck 9 preimages 36
deck 10 preimages 10
deck 11 preimages 9
deck 12 preimages 9
deck 13 preimages 48
deck 14 preimages 9
deck 15 preimages 10
deck 16 preimages 91
deck 17 preimages 62
deck 18 preimages 10
deck 19 preimages 31
deck 20 preimages 48
deck 21 preimages 25
deck 22 preimages 32
deck 23 preimages 14
deck 24 preimages 32
deck 25 preimages 20
deck 26 preimages 37
deck 27 preimages 20
deck 28 preimages 13
deck 29 preimages 4
deck 30 preimages 10
deck 31 preimages 9
deck 32 preimages 2
deck 33 preimages 20
deck 34 preimages 5
deck 35 preimages 40
deck 36 preimages 14
deck 37 preimages 7
deck 38 preimages 23
deck 39 preimages 44
deck 40 preimages 24
deck 41 preimages 32
deck 42 preimages 13
deck 43 preimages 4
deck 44 preimages 108
deck 45 preimages 12
deck 46 preimages 39
deck 47 preimages 4
deck 48 preimages 8
deck 49 preimages 41
deck 50 preimages 43
deck 51 preimages 6
deck 52 preimages 34
deck 53 preimages 6
deck 54 preimages 5
deck 55 preimages 8
deck 56 preimages 23
deck 57 preimages 7
deck 58 preimages 7
deck 59 preimages 12
deck 60 preimages 2
deck 61 preimages 49
deck 62 preimages 6
deck 63 preimages 13
deck 64 preimages 4
deck 65 preimages 28
deck 66 preimages 15
deck 67 preimages 12
deck 68 preimages 9
deck 69 preimages 19
deck 70 preimages 2
deck 71 preimages 4
deck 72 preimages 25
deck 73 preimages 18
deck 74 preimages 51
deck 75 preimages 38
deck 76 preimages 41
deck 77 preimages 16
deck 78 preimages 49
deck 79 preimages 1
deck 80 preimages 10
deck 81 preimages 12
deck 82 preimages 73
deck 83 preimages 14
deck 84 preimages 17
deck 85 preimages 11
deck 86 preimages 35
deck 87 preimages 14
deck 88 preimages 23
deck 89 preimages 19
deck 90 preimages 66
deck 91 preimages 12
deck 92 preimages 19
deck 93 preimages 21
deck 94 preimages 11
deck 95 preimages 4
deck 96 preimages 41
deck 97 preimages 118
deck 98 preimages 5
deck 99 preimages 7
deck 100 preimages 19
deck 101 preimages 10
deck 102 preimages 103
deck 103 preimages 27
deck 104 preimages 15
deck 105 preimages 21
deck 106 preimages 15
deck 107 preimages 12
deck 108 preimages 46
deck 109 preimages 60
deck 110 preimages 48
deck 111 preimages 42
deck 112 preimages 43
deck 113 preimages 148
deck 114 preimages 8
deck 115 preimages 47
deck 116 preimages 65
deck 117 preimages 17
deck 118 preimages 72
deck 119 preimages 33
deck 120 preimages 3
deck 121 preimages 27
deck 122 preimages 25
deck 123 preimages 10
deck 124 preimages 17
deck 125 preimages 6
deck 126 preimages 57
deck 127 preimages 16
deck 128 preimages 12
deck 129 preimages 38
deck 130 preimages 14
deck 131 preimages 28
deck 132 preimages 49
deck 133 preimages 2
deck 134 preimages 67
deck 135 preimages 9
deck 136 preimages 37
deck 137 preimages 8
deck 138 preimages 8
deck 139 preimages 8
deck 140 preimages 15
deck 141 preimages 10
deck 142 preimages 62
deck 143 preimages 7
deck 144 preimages 11
deck 145 preimages 19
deck 146 preimages 1
deck 147 preimages 15
deck 148 preimages 13
deck 149 preimages 15
deck 150 preimages 14
deck 151 preimages 6
deck 152 preimages 4
deck 153 preimages 17
deck 154 preimages 18
deck 155 preimages 53
deck 156 preimages 72
deck 157 preimages 42
deck 158 preimages 13
deck 159 preimages 12
deck 160 preimages 20
deck 161 preimages 15
deck 162 preimages 32
deck 163 preimages 46
deck 164 preimages 47
deck 165 preimages 13
deck 166 preimages 5
deck 167 preimages 12
deck 168 preimages 13
deck 169 preimages 14
deck 170 preimages 77
deck 171 preimages 7
deck 172 preimages 9
deck 173 preimages 15
deck 174 preimages 12
deck 175 preimages 40
deck 176 preimages 45
deck 177 preimages 2
deck 178 preimages 6
deck 179 preimages 12
deck 180 preimages 22
deck 181 preimages 67
deck 182 preimages 21
deck 183 preimages 26
deck 184 preimages 37
deck 185 preimages 6
deck 186 preimages 14
deck 187 preimages 1
deck 188 preimages 7
deck 189 preimages 8
deck 190 preimages 7
deck 191 preimages 45
deck 192 preimages 27
deck 193 preimages 39
deck 194 preimages 10
deck 195 preimages 19
deck 196 preimages 3
deck 197 preimages 47
deck 198 preimages 11
deck 199 preimages 10
deck 200 preimages 10
deck 201 preimages 49
deck 202 preimages 5
deck 203 preimages 15
deck 204 preimages 43
deck 205 preimages 12
deck 206 preimages 24
deck 207 preimages 10
deck 208 preimages 7
deck 209 preimages 68
deck 210 preimages 34
deck 211 preimages 41
deck 212 preimages 17
deck 213 preimages 42
deck 214 preimages 48
deck 215 preimages 45
deck 216 preimages 46
deck 217 preimages 2
deck 218 preimages 3
deck 219 preimages 4
deck 220 preimages 16
deck 221 preimages 37
deck 222 preimages 21
deck 223 preimages 33
deck 224 preimages 54
deck 225 preimages 24
deck 226 preimages 39
deck 227 preimages 17
deck 228 preimages 114
deck 229 preimages 77
deck 230 preimages 9
deck 231 preimages 4
deck 232 preimages 32
deck 233 preimages 7
deck 234 preimages 46
deck 235 preimages 46
deck 236 preimages 68
deck 237 preimages 42
deck 238 preimages 45
deck 239 preimages 19
deck 240 preimages 11
deck 241 preimages 20
deck 242 preimages 111
deck 243 preimages 65
deck 244 preimages 7
deck 245 preimages 17
deck 246 preimages 109
deck 247 preimages 5
deck 248 preimages 35
deck 249 preimages 85
deck 250 preimages 20
deck 251 preimages 5
deck 252 preimages 6
deck 253 preimages 10
deck 254 preimages 34
deck 255 preimages 2
deck 256 preimages 11
deck 257 preimages 37
deck 258 preimages 19
deck 259 preimages 23
deck 260 preimages 27
deck 261 preimages 35
deck 262 preimages 44
deck 263 preimages 20
deck 264 preimages 13
deck 265 preimages 60
deck 266 preimages 7
deck 267 preimages 16
deck 268 preimages 10
deck 269 preimages 13
deck 270 preimages 17
deck 271 preimages 16
deck 272 preimages 26
deck 273 preimages 15
deck 274 preimages 30
deck 275 preimages 28
deck 276 preimages 49
deck 277 preimages 30
deck 278 preimages 31
deck 279 preimages 2
deck 280 preimages 10
deck 281 preimages 84
deck 282 preimages 18
deck 283 preimages 13
deck 284 preimages 1
deck 285 preimages 1
deck 286 preimages 9
deck 287 preimages 21
deck 288 preimages 45
deck 289 preimages 48
deck 290 preimages 48
deck 291 preimages 15
deck 292 preimages 7
deck 293 preimages 17
deck 294 preimages 23
deck 295 preimages 40
deck 296 preimages 27
deck 297 preimages 29
deck 298 preimages 20
deck 299 preimages 27
deck 300 preimages 19
deck 301 preimages 5
deck 302 preimages 4
deck 303 preimages 45
deck 304 preimages 6
deck 305 preimages 44
deck 306 preimages 71
deck 307 preimages 42
deck 308 preimages 9
deck 309 preimages 35
deck 310 preimages 37
deck 311 preimages 12
deck 312 preimages 31
deck 313 preimages 8
deck 314 preimages 7
deck 315 preimages 25
deck 316 preimages 4
deck 317 preimages 49
deck 318 preimages 12
deck 319 preimages 5
deck 320 preimages 22
deck 321 preimages 43
deck 322 preimages 50
deck 323 preimages 40
deck 324 preimages 23
deck 325 preimages 29
deck 326 preimages 26
deck 327 preimages 13
deck 328 preimages 15
deck 329 preimages 6
deck 330 preimages 8
deck 331 preimages 8
deck 332 preimages 26
deck 333 preimages 17
deck 334 preimages 16
deck 335 preimages 36
deck 336 preimages 79
deck 337 preimages 29
deck 338 preimages 11
deck 339 preimages 48
deck 340 preimages 27
deck 341 preimages 80
deck 342 preimages 18
deck 343 preimages 23
deck 344 preimages 46
deck 345 preimages 24
deck 346 preimages 30
deck 347 preimages 6
deck 348 preimages 12
deck 349 preimages 29
deck 350 preimages 8
deck 351 preimages 12
deck 352 preimages 77
deck 353 preimages 28
deck 354 preimages 22
deck 355 preimages 44
deck 356 preimages 55
deck 357 preimages 6
deck 358 preimages 10
deck 359 preimages 10
deck 360 preimages 14
deck 361 preimages 86
deck 362 preimages 31
deck 363 preimages 18
deck 364 preimages 9
deck 365 preimages 2
deck 366 preimages 50
deck 367 preimages 14
deck 368 preimages 14
deck 369 preimages 37
deck 370 preimages 4
deck 371 preimages 26
deck 372 preimages 79
deck 373 preimages 14
deck 374 preimages 107
deck 375 preimages 18
deck 376 preimages 46
deck 377 preimages 10
deck 378 preimages 13
deck 379 preimages 13
deck 380 preimages 18
deck 381 preimages 4
deck 382 preimages 82
deck 383 preimages 23
deck 384 preimages 34
deck 385 preimages 20
deck 386 preimages 10
deck 387 preimages 39
deck 388 preimages 6
deck 389 preimages 8
deck 390 preimages 21
deck 391 preimages 2
deck 392 preimages 76
deck 393 preimages 9
deck 394 preimages 20
deck 395 preimages 61
deck 396 preimages 25
deck 397 preimages 6
deck 398 preimages 24
deck 399 preimages 11
deck 400 preimages 33
deck 401 preimages 65
deck 402 preimages 45
deck 403 preimages 4
deck 404 preimages 15
deck 405 preimages 16
deck 406 preimages 26
deck 407 preimages 13
deck 408 preimages 8
deck 409 preimages 8
deck 410 preimages 12
deck 411 preimages 18
deck 412 preimages 5
deck 413 preimages 17
deck 414 preimages 16
deck 415 preimages 10
deck 416 preimages 10
deck 417 preimages 1
deck 418 preimages 33
deck 419 preimages 4
deck 420 preimages 3
deck 421 preimages 7
deck 422 preimages 11
deck 423 preimages 25
deck 424 preimages 11
deck 425 preimages 61
deck 426 preimages 15
deck 427 preimages 19
deck 428 preimages 2
deck 429 preimages 61
deck 430 preimages 33
deck 431 preimages 22
deck 432 preimages 28
deck 433 preimages 4
deck 434 preimages 12
deck 435 preimages 6
deck 436 preimages 72
deck 437 preimages 31
deck 438 preimages 51
deck 439 preimages 11
deck 440 preimages 6
deck 441 preimages 60
deck 442 preimages 41
deck 443 preimages 12
deck 444 preimages 10
deck 445 preimages 94
deck 446 preimages 6
deck 447 preimages 22
deck 448 preimages 7
deck 449 preimages 39
deck 450 preimages 19
deck 451 preimages 2
deck 452 preimages 2
deck 453 preimages 5
deck 454 preimages 5
deck 455 preimages 64
deck 456 preimages 12
deck 457 preimages 43
deck 458 preimages 5
deck 459 preimages 9
deck 460 preimages 17
deck 461 preimages 20
deck 462 preimages 44
deck 463 preimages 7
deck 464 preimages 49
deck 465 preimages 22
deck 466 preimages 39
deck 467 preimages 16
deck 468 preimages 14
deck 469 preimages 30
deck 470 preimages 8
deck 471 preimages 7
deck 472 preimages 28
deck 473 preimages 23
deck 474 preimages 41
deck 475 preimages 67
deck 476 preimages 6
deck 477 preimages 23
deck 478 preimages 37
deck 479 preimages 38
deck 480 preimages 11
deck 481 preimages 11
deck 482 preimages 70
deck 483 preimages 60
deck 484 preimages 61
deck 485 preimages 9
deck 486 preimages 4
deck 487 preimages 138
deck 488 preimages 18
deck 489 preimages 66
deck 490 preimages 36
deck 491 preimages 4
deck 492 preimages 38
deck 493 preimages 7
deck 494 preimages 35
deck 495 preimages 9
deck 496 preimages 20
deck 497 preimages 17
deck 498 preimages 29
deck 499 preimages 22
deck 500 preimages 23
deck 501 preimages 17
deck 502 preimages 32
deck 503 preimages 17
deck 504 preimages 151
deck 505 preimages 10
deck 506 preimages 24
deck 507 preimages 2
deck 508 preimages 105
deck 509 preimages 31
deck 510 preimages 39
deck 511 preimages 17
deck 512 preimages 25
deck 513 preimages 47
deck 514 preimages 26
deck 515 preimages 41
deck 516 preimages 38
deck 517 preimages 16
deck 518 preimages 23
deck 519 preimages 13
deck 520 preimages 28
deck 521 preimages 11
deck 522 preimages 19
deck 523 preimages 5
deck 524 preimages 67
deck 525 preimages 50
deck 526 preimages 3
deck 527 preimages 20
deck 528 preimages 21
deck 529 preimages 34
deck 530 preimages 56
deck 531 preimages 32
deck 532 preimages 24
deck 533 preimages 5
deck 534 preimages 7
deck 535 preimages 216
deck 536 preimages 8
deck 537 preimages 5
deck 538 preimages 23
deck 539 preimages 1
deck 540 preimages 7
deck 541 preimages 9
deck 542 preimages 26
deck 543 preimages 31
deck 544 preimages 27
deck 545 preimages 7
deck 546 preimages 16
deck 547 preimages 56
deck 548 preimages 24
deck 549 preimages 37
deck 550 preimages 41
deck 551 preimages 136
deck 552 preimages 28
deck 553 preimages 12
deck 554 preimages 5
deck 555 preimages 56
deck 556 preimages 11
deck 557 preimages 42
deck 558 preimages 91
deck 559 preimages 29
deck 560 preimages 11
deck 561 preimages 5
deck 562 preimages 9
deck 563 preimages 5
deck 564 preimages 4
deck 565 preimages 44
deck 566 preimages 8
deck 567 preimages 28
deck 568 preimages 18
deck 569 preimages 2
deck 570 preimages 15
deck 571 preimages 4
deck 572 preimages 24
deck 573 preimages 15
deck 574 preimages 26
deck 575 preimages 5
deck 576 preimages 53
deck 577 preimages 51
deck 578 preimages 8
deck 579 preimages 20
deck 580 preimages 81
deck 581 preimages 8
deck 582 preimages 17
deck 583 preimages 18
deck 584 preimages 37
deck 585 preimages 5
deck 586 preimages 96
deck 587 preimages 46
deck 588 preimages 20
deck 589 preimages 2
deck 590 preimages 4
deck 591 preimages 44
deck 592 preimages 3
deck 593 preimages 31
deck 594 preimages 28
deck 595 preimages 22
deck 596 preimages 43
deck 597 preimages 21
deck 598 preimages 13
deck 599 preimages 19
deck 600 preimages 33
deck 601 preimages 70
deck 602 preimages 54
deck 603 preimages 98
deck 604 preimages 10
deck 605 preimages 29
deck 606 preimages 10
deck 607 preimages 11
deck 608 preimages 36
deck 609 preimages 48
deck 610 preimages 3
deck 611 preimages 4
deck 612 preimages 3
deck 613 preimages 6
deck 614 preimages 15
deck 615 preimages 19
deck 616 preimages 9
deck 617 preimages 8
deck 618 preimages 15
deck 619 preimages 33
deck 620 preimages 59
deck 621 preimages 31
deck 622 preimages 13
deck 623 preimages 20
deck 624 preimages 12
deck 625 preimages 8
deck 626 preimages 18
deck 627 preimages 19
deck 628 preimages 47
deck 629 preimages 24
deck 630 preimages 8
deck 631 preimages 5
deck 632 preimages 9
deck 633 preimages 25
deck 634 preimages 7
deck 635 preimages 104
deck 636 preimages 5
deck 637 preimages 35
deck 638 preimages 3
deck 639 preimages 8
deck 640 preimages 10
deck 641 preimages 63
deck 642 preimages 71
deck 643 preimages 32
deck 644 preimages 9
deck 645 preimages 11
deck 646 preimages 5
deck 647 preimages 22
deck 648 preimages 9
deck 649 preimages 10
deck 650 preimages 25
deck 651 preimages 12
deck 652 preimages 2
deck 653 preimages 43
deck 654 preimages 8
deck 655 preimages 30
deck 656 preimages 23
deck 657 preimages 34
deck 658 preimages 33
deck 659 preimages 91
deck 660 preimages 7
deck 661 preimages 8
deck 662 preimages 11
deck 663 preimages 25
deck 664 preimages 2
deck 665 preimages 31
deck 666 preimages 13
deck 667 preimages 34
deck 668 preimages 4
deck 669 preimages 1
deck 670 preimages 96
deck 671 preimages 19
deck 672 preimages 60
deck 673 preimages 50
deck 674 preimages 23
deck 675 preimages 33
deck 676 preimages 49
deck 677 preimages 21
deck 678 preimages 10
deck 679 preimages 24
deck 680 preimages 18
deck 681 preimages 50
deck 682 preimages 25
deck 683 preimages 4
deck 684 preimages 7
deck 685 preimages 10
deck 686 preimages 42
deck 687 preimages 52
deck 688 preimages 6
deck 689 preimages 7
deck 690 preimages 47
deck 691 preimages 4
deck 692 preimages 18
deck 693 preimages 6
deck 694 preimages 44
deck 695 preimages 16
deck 696 preimages 22
deck 697 preimages 57
deck 698 preimages 107
deck 699 preimages 18
deck 700 preimages 52
deck 701 preimages 25
deck 702 preimages 45
deck 703 preimages 2
deck 704 preimages 5
deck 705 preimages 30
deck 706 preimages 34
deck 707 preimages 14
deck 708 preimages 16
deck 709 preimages 18
deck 710 preimages 26
deck 711 preimages 41
deck 712 preimages 8
deck 713 preimages 17
deck 714 preimages 15
deck 715 preimages 29
deck 716 preimages 4
deck 717 preimages 49
deck 718 preimages 14
deck 719 preimages 15
deck 720 preimages 97
deck 721 preimages 31
deck 722 preimages 14
deck 723 preimages 16
deck 724 preimages 9
deck 725 preimages 6
deck 726 preimages 41
deck 727 preimages 53
deck 728 preimages 55
deck 729 preimages 37
deck 730 preimages 39
deck 731 preimages 35
deck 732 preimages 8
deck 733 preimages 32
deck 734 preimages 14
deck 735 preimages 4
deck 736 preimages 4
deck 737 preimages 16
deck 738 preimages 15
deck 739 preimages 6
deck 740 preimages 26
deck 741 preimages 8
deck 742 preimages 66
deck 743 preimages 79
deck 744 preimages 21
deck 745 preimages 30
deck 746 preimages 26
deck 747 preimages 45
deck 748 preimages 10
deck 749 preimages 64
deck 750 preimages 74
deck 751 preimages 5
deck 752 preimages 17
deck 753 preimages 9
deck 754 preimages 17
deck 755 preimages 8
deck 756 preimages 35
deck 757 preimages 23
deck 758 preimages 15
deck 759 preimages 8
deck 760 preimages 4
deck 761 preimages 20
deck 762 preimages 8
deck 763 preimages 5
deck 764 preimages 7
deck 765 preimages 6
deck 766 preimages 36
deck 767 preimages 87
deck 768 preimages 14
deck 769 preimages 51
deck 770 preimages 20
deck 771 preimages 24
deck 772 preimages 119
deck 773 preimages 6
deck 774 preimages 34
deck 775 preimages 15
deck 776 preimages 21
deck 777 preimages 12
deck 778 preimages 6
deck 779 preimages 19
deck 780 preimages 2
deck 781 preimages 48
deck 782 preimages 17
deck 783 preimages 67
deck 784 preimages 5
deck 785 preimages 13
deck 786 preimages 4
deck 787 preimages 37
deck 788 preimages 14
deck 789 preimages 4
deck 790 preimages 17
deck 791 preimages 50
deck 792 preimages 2
deck 793 preimages 17
deck 794 preimages 15
deck 795 preimages 16
deck 796 preimages 3
deck 797 preimages 55
deck 798 preimages 17
deck 799 preimages 23
deck 800 preimages 61
deck 801 preimages 27
deck 802 preimages 18
deck 803 preimages 9
deck 804 preimages 18
deck 805 preimages 26
deck 806 preimages 22
deck 807 preimages 68
deck 808 preimages 79
deck 809 preimages 29
deck 810 preimages 13
deck 811 preimages 69
deck 812 preimages 91
deck 813 preimages 53
deck 814 preimages 31
deck 815 preimages 14
deck 816 preimages 14
deck 817 preimages 44
deck 818 preimages 18
deck 819 preimages 1
deck 820 preimages 16
deck 821 preimages 20
deck 822 preimages 16
deck 823 preimages 30
deck 824 preimages 31
deck 825 preimages 8
deck 826 preimages 6
deck 827 preimages 88
deck 828 preimages 7
deck 829 preimages 6
deck 830 preimages 53
deck 831 preimages 22
deck 832 preimages 55
deck 833 preimages 7
deck 834 preimages 16
deck 835 preimages 143
deck 836 preimages 18
deck 837 preimages 30
deck 838 preimages 59
deck 839 preimages 32
deck 840 preimages 7
deck 841 preimages 20
deck 842 preimages 5
deck 843 preimages 1
deck 844 preimages 15
deck 845 preimages 15
deck 846 preimages 13
deck 847 preimages 9
deck 848 preimages 14
deck 849 preimages 34
deck 850 preimages 3
deck 851 preimages 20
deck 852 preimages 87
deck 853 preimages 11
deck 854 preimages 39
deck 855 preimages 3
deck 856 preimages 18
deck 857 preimages 38
deck 858 preimages 75
deck 859 preimages 1
deck 860 preimages 33
deck 861 preimages 5
deck 862 preimages 48
deck 863 preimages 43
deck 864 preimages 9
deck 865 preimages 26
deck 866 preimages 23
deck 867 preimages 13
deck 868 preimages 9
deck 869 preimages 21
deck 870 preimages 16
deck 871 preimages 28
deck 872 preimages 3
deck 873 preimages 27
deck 874 preimages 21
deck 875 preimages 43
deck 876 preimages 31
deck 877 preimages 13
deck 878 preimages 2
deck 879 preimages 43
deck 880 preimages 39
deck 881 preimages 11
deck 882 preimages 16
deck 883 preimages 21
deck 884 preimages 26
deck 885 preimages 30
deck 886 preimages 22
deck 887 preimages 40
deck 888 preimages 22
deck 889 preimages 35
deck 890 preimages 30
deck 891 preimages 2
deck 892 preimages 58
deck 893 preimages 14
deck 894 preimages 15
deck 895 preimages 14
deck 896 preimages 4
deck 897 preimages 50
deck 898 preimages 30
deck 899 preimages 21
deck 900 preimages 32
deck 901 preimages 8
deck 902 preimages 9
deck 903 preimages 19
deck 904 preimages 38
deck 905 preimages 46
deck 906 preimages 4
deck 907 preimages 6
deck 908 preimages 35
deck 909 preimages 41
deck 910 preimages 97
deck 911 preimages 31
deck 912 preimages 61
deck 913 preimages 20
deck 914 preimages 4
deck 915 preimages 24
deck 916 preimages 54
deck 917 preimages 31
deck 918 preimages 34
deck 919 preimages 56
deck 920 preimages 2
deck 921 preimages 58
deck 922 preimages 12
deck 923 preimages 21
deck 924 preimages 15
deck 925 preimages 41
deck 926 preimages 13
deck 927 preimages 2
deck 928 preimages 33
deck 929 preimages 2
deck 930 preimages 31
deck 931 preimages 29
deck 932 preimages 14
deck 933 preimages 50
deck 934 preimages 7
deck 935 preimages 53
deck 936 preimages 20
deck 937 preimages 37
deck 938 preimages 29
deck 939 preimages 10
deck 940 preimages 47
deck 941 preimages 8
deck 942 preimages 15
deck 943 preimages 31
deck 944 preimages 39
deck 945 preimages 32
deck 946 preimages 28
deck 947 preimages 9
deck 948 preimages 16
deck 949 preimages 8
deck 950 preimages 11
deck 951 preimages 40
deck 952 preimages 4
deck 953 preimages 11
deck 954 preimages 21
deck 955 preimages 13
deck 956 preimages 37
deck 957 preimages 6
deck 958 preimages 7
deck 959 preimages 47
deck 960 preimages 8
deck 961 preimages 15
deck 962 preimages 28
deck 963 preimages 48
deck 964 preimages 13
deck 965 preimages 7
deck 966 preimages 16
deck 967 preimages 163
deck 968 preimages 38
deck 969 preimages 16
deck 970 preimages 6
deck 971 preimages 9
deck 972 preimages 82
deck 973 preimages 31
deck 974 preimages 22
deck 975 preimages 117
deck 976 preimages 51
deck 977 preimages 89
deck 978 preimages 16
deck 979 preimages 5
deck 980 preimages 4
deck 981 preimages 9
deck 982 preimages 69
deck 983 preimages 8
deck 984 preimages 8
deck 985 preimages 49
deck 986 preimages 32
deck 987 preimages 5
deck 988 preimages 7
deck 989 preimages 51
deck 990 preimages 11
deck 991 preimages 11
deck 992 preimages 29
deck 993 preimages 14
deck 994 preimages 20
deck 995 preimages 8
deck 996 preimages 32
deck 997 preimages 37
deck 998 preimages 1
deck 999 preimages 16
deck 1000 preimages 13
deck 1001 preimages 20
deck 1002 preimages 10
deck 1003 preimages 44
deck 1004 preimages 25
deck 1005 preimages 21
deck 1006 preimages 26
deck 1007 preimages 53
deck 1008 preimages 16
deck 1009 preimages 26
deck 1010 preimages 6
deck 1011 preimages 16
deck 1012 preimages 3
deck 1013 preimages 20
deck 1014 preimages 11
deck 1015 preimages 78
deck 1016 preimages 13
deck 1017 preimages 9
deck 1018 preimages 21
deck 1019 preimages 20
deck 1020 preimages 24
deck 1021 preimages 43
deck 1022 preimages 8
deck 1023 preimages 26
deck 1024 preimages 13
deck 1025 preimages 80
deck 1026 preimages 10
deck 1027 preimages 7
deck 1028 preimages 8
deck 1029 preimages 37
deck 1030 preimages 6
deck 1031 preimages 11
deck 1032 preimages 13
deck 1033 preimages 24
deck 1034 preimages 24
deck 1035 preimages 8
deck 1036 preimages 43
deck 1037 preimages 24
deck 1038 preimages 21
deck 1039 preimages 6
deck 1040 preimages 35
deck 1041 preimages 23
deck 1042 preimages 40
deck 1043 preimages 21
deck 1044 preimages 14
deck 1045 preimages 4
deck 1046 preimages 8
deck 1047 preimages 41
deck 1048 preimages 5
deck 1049 preimages 6
deck 1050 preimages 31
deck 1051 preimages 176
deck 1052 preimages 9
deck 1053 preimages 19
deck 1054 preimages 19
deck 1055 preimages 72
deck 1056 preimages 8
deck 1057 preimages 8
deck 1058 preimages 13
deck 1059 preimages 27
deck 1060 preimages 6
deck 1061 preimages 32
deck 1062 preimages 10
deck 1063 preimages 16
deck 1064 preimages 9
deck 1065 preimages 5
deck 1066 preimages 33
deck 1067 preimages 3
deck 1068 preimages 36
deck 1069 preimages 32
deck 1070 preimages 12
deck 1071 preimages 31
deck 1072 preimages 15
deck 1073 preimages 16
deck 1074 preimages 13
deck 1075 preimages 24
deck 1076 preimages 17
deck 1077 preimages 39
deck 1078 preimages 22
deck 1079 preimages 14
deck 1080 preimages 6
deck 1081 preimages 43
deck 1082 preimages 133
deck 1083 preimages 9
deck 1084 preimages 10
deck 1085 preimages 56
deck 1086 preimages 33
deck 1087 preimages 34
deck 1088 preimages 11
deck 1089 preimages 53
deck 1090 preimages 16
deck 1091 preimages 37
deck 1092 preimages 13
deck 1093 preimages 15
deck 1094 preimages 4
deck 1095 preimages 7
deck 1096 preimages 1
deck 1097 preimages 82
deck 1098 preimages 10
deck 1099 preimages 5
deck 1100 preimages 3
deck 1101 preimages 11
deck 1102 preimages 13
deck 1103 preimages 6
deck 1104 preimages 14
deck 1105 preimages 6
deck 1106 preimages 7
deck 1107 preimages 3
deck 1108 preimages 6
deck 1109 preimages 22
deck 1110 preimages 9
deck 1111 preimages 7
deck 1112 preimages 16
deck 1113 preimages 6
deck 1114 preimages 9
deck 1115 preimages 3
deck 1116 preimages 43
deck 1117 preimages 8
deck 1118 preimages 30
deck 1119 preimages 9
deck 1120 preimages 15
deck 1121 preimages 32
deck 1122 preimages 7
deck 1123 preimages 9
deck 1124 preimages 8
deck 1125 preimages 10
deck 1126 preimages 3
deck 1127 preimages 28
deck 1128 preimages 11
deck 1129 preimages 30
deck 1130 preimages 9
deck 1131 preimages 42
deck 1132 preimages 2
deck 1133 preimages 14
deck 1134 preimages 32
deck 1135 preimages 18
deck 1136 preimages 14
deck 1137 preimages 42
deck 1138 preimages 29
deck 1139 preimages 45
deck 1140 preimages 6
deck 1141 preimages 46
deck 1142 preimages 35
deck 1143 preimages 22
deck 1144 preimages 33
deck 1145 preimages 27
deck 1146 preimages 76
deck 1147 preimages 10
deck 1148 preimages 33
deck 1149 preimages 2
deck 1150 preimages 12
deck 1151 preimages 44
deck 1152 preimages 12
deck 1153 preimages 14
deck 1154 preimages 47
deck 1155 preimages 52
deck 1156 preimages 9
deck 1157 preimages 8
deck 1158 preimages 68
deck 1159 preimages 4
deck 1160 preimages 16
deck 1161 preimages 50
deck 1162 preimages 2
deck 1163 preimages 12
deck 1164 preimages 26
deck 1165 preimages 9
deck 1166 preimages 44
deck 1167 preimages 30
deck 1168 preimages 12
deck 1169 preimages 14
deck 1170 preimages 76
deck 1171 preimages 38
deck 1172 preimages 4
deck 1173 preimages 2
deck 1174 preimages 2
deck 1175 preimages 40
deck 1176 preimages 6
deck 1177 preimages 2
deck 1178 preimages 24
deck 1179 preimages 18
deck 1180 preimages 77
deck 1181 preimages 16
deck 1182 preimages 42
deck 1183 preimages 3
deck 1184 preimages 27
deck 1185 preimages 5
deck 1186 preimages 11
deck 1187 preimages 12
deck 1188 preimages 13
deck 1189 preimages 79
deck 1190 preimages 11
deck 1191 preimages 11
deck 1192 preimages 19
deck 1193 preimages 22
deck 1194 preimages 10
deck 1195 preimages 16
deck 1196 preimages 32
deck 1197 preimages 35
deck 1198 preimages 109
deck 1199 preimages 38
deck 1200 preimages 31
deck 1201 preimages 20
deck 1202 preimages 7
deck 1203 preimages 8
deck 1204 preimages 12
deck 1205 preimages 44
deck 1206 preimages 105
deck 1207 preimages 34
deck 1208 preimages 18
deck 1209 preimages 50
deck 1210 preimages 2
deck 1211 preimages 4
deck 1212 preimages 138
deck 1213 preimages 23
deck 1214 preimages 16
deck 1215 preimages 11
deck 1216 preimages 23
deck 1217 preimages 22
deck 1218 preimages 12
deck 1219 preimages 20
deck 1220 preimages 8
deck 1221 preimages 57
deck 1222 preimages 6
deck 1223 preimages 11
deck 1224 preimages 20
deck 1225 preimages 25
deck 1226 preimages 28
deck 1227 preimages 105
deck 1228 preimages 15
deck 1229 preimages 34
deck 1230 preimages 6
deck 1231 preimages 20
deck 1232 preimages 9
deck 1233 preimages 13
deck 1234 preimages 25
deck 1235 preimages 127
deck 1236 preimages 25
deck 1237 preimages 14
deck 1238 preimages 84
deck 1239 preimages 70
deck 1240 preimages 18
deck 1241 preimages 25
deck 1242 preimages 3
deck 1243 preimages 1
deck 1244 preimages 6
deck 1245 preimages 26
deck 1246 preimages 4
deck 1247 preimages 13
deck 1248 preimages 17
deck 1249 preimages 3
deck 1250 preimages 3
deck 1251 preimages 17
deck 1252 preimages 6
deck 1253 preimages 11
deck 1254 preimages 44
deck 1255 preimages 6
deck 1256 preimages 24
deck 1257 preimages 75
deck 1258 preimages 11
deck 1259 preimages 16
deck 1260 preimages 20
deck 1261 preimages 9
deck 1262 preimages 22
deck 1263 preimages 8
deck 1264 preimages 12
deck 1265 preimages 23
deck 1266 preimages 26
deck 1267 preimages 44
deck 1268 preimages 12
deck 1269 preimages 1
deck 1270 preimages 44
deck 1271 preimages 14
deck 1272 preimages 21
deck 1273 preimages 21
deck 1274 preimages 151
deck 1275 preimages 4
deck 1276 preimages 4
deck 1277 preimages 82
deck 1278 preimages 216
deck 1279 preimages 1
deck 1280 preimages 42
deck 1281 preimages 63
deck 1282 preimages 21
deck 1283 preimages 15
deck 1284 preimages 25
deck 1285 preimages 16
deck 1286 preimages 15
deck 1287 preimages 23
deck 1288 preimages 24
deck 1289 preimages 54
deck 1290 preimages 29
deck 1291 preimages 6
deck 1292 preimages 5
deck 1293 preimages 20
deck 1294 preimages 14
deck 1295 preimages 63
deck 1296 preimages 16
deck 1297 preimages 28
deck 1298 preimages 64
deck 1299 preimages 51
deck 1300 preimages 14
deck 1301 preimages 59
deck 1302 preimages 23
deck 1303 preimages 41
deck 1304 preimages 72
deck 1305 preimages 5
deck 1306 preimages 16
deck 1307 preimages 54
deck 1308 preimages 14
deck 1309 preimages 16
deck 1310 preimages 54
deck 1311 preimages 35
deck 1312 preimages 17
deck 1313 preimages 14
deck 1314 preimages 24
deck 1315 preimages 11
deck 1316 preimages 18
deck 1317 preimages 16
deck 1318 preimages 15
deck 1319 preimages 138
deck 1320 preimages 23
deck 1321 preimages 10
deck 1322 preimages 39
deck 1323 preimages 14
deck 1324 preimages 58
deck 1325 preimages 4
deck 1326 preimages 11
deck 1327 preimages 17
deck 1328 preimages 63
deck 1329 preimages 69
deck 1330 preimages 17
deck 1331 preimages 13
deck 1332 preimages 83
deck 1333 preimages 2
deck 1334 preimages 47
deck 1335 preimages 10
deck 1336 preimages 42
deck 1337 preimages 39
deck 1338 preimages 38
deck 1339 preimages 21
deck 1340 preimages 98
deck 1341 preimages 60
deck 1342 preimages 27
deck 1343 preimages 37
deck 1344 preimages 27
deck 1345 preimages 39
deck 1346 preimages 45
deck 1347 preimages 7
deck 1348 preimages 9
deck 1349 preimages 41
deck 1350 preimages 20
deck 1351 preimages 13
deck 1352 preimages 9
deck 1353 preimages 27
deck 1354 preimages 34
deck 1355 preimages 15
deck 1356 preimages 29
deck 1357 preimages 6
deck 1358 preimages 1
deck 1359 preimages 32
deck 1360 preimages 5
deck 1361 preimages 20
deck 1362 preimages 28
deck 1363 preimages 67
deck 1364 preimages 34
deck 1365 preimages 37
deck 1366 preimages 18
deck 1367 preimages 177
deck 1368 preimages 27
deck 1369 preimages 12
deck 1370 preimages 50
deck 1371 preimages 38
deck 1372 preimages 17
deck 1373 preimages 12
deck 1374 preimages 23
deck 1375 preimages 11
deck 1376 preimages 39
deck 1377 preimages 16
deck 1378 preimages 39
deck 1379 preimages 26
deck 1380 preimages 25
deck 1381 preimages 43
deck 1382 preimages 33
deck 1383 preimages 4
deck 1384 preimages 3
deck 1385 preimages 98
deck 1386 preimages 35
deck 1387 preimages 80
deck 1388 preimages 21
deck 1389 preimages 21
deck 1390 preimages 182
deck 1391 preimages 23
deck 1392 preimages 18
deck 1393 preimages 2
deck 1394 preimages 5
deck 1395 preimages 13
deck 1396 preimages 8
deck 1397 preimages 7
deck 1398 preimages 3
deck 1399 preimages 58
deck 1400 preimages 8
deck 1401 preimages 31
deck 1402 preimages 85
deck 1403 preimages 9
deck 1404 preimages 24
deck 1405 preimages 49
deck 1406 preimages 39
deck 1407 preimages 15
deck 1408 preimages 2
deck 1409 preimages 74
deck 1410 preimages 10
deck 1411 preimages 38
deck 1412 preimages 18
deck 1413 preimages 40
deck 1414 preimages 17
deck 1415 preimages 4
deck 1416 preimages 23
deck 1417 preimages 19
deck 1418 preimages 28
deck 1419 preimages 78
deck 1420 preimages 11
deck 1421 preimages 14
deck 1422 preimages 14
deck 1423 preimages 5
deck 1424 preimages 135
deck 1425 preimages 11
deck 1426 preimages 26
deck 1427 preimages 20
deck 1428 preimages 35
deck 1429 preimages 17
deck 1430 preimages 5
deck 1431 preimages 56
deck 1432 preimages 65
deck 1433 preimages 13
deck 1434 preimages 53
deck 1435 preimages 26
deck 1436 preimages 17
deck 1437 preimages 18
deck 1438 preimages 29
deck 1439 preimages 23
deck 1440 preimages 32
deck 1441 preimages 47
deck 1442 preimages 5
deck 1443 preimages 49
deck 1444 preimages 5
deck 1445 preimages 28
deck 1446 preimages 14
deck 1447 preimages 19
deck 1448 preimages 16
deck 1449 preimages 18
deck 1450 preimages 29
deck 1451 preimages 27
deck 1452 preimages 47
deck 1453 preimages 4
deck 1454 preimages 28
deck 1455 preimages 11
deck 1456 preimages 17
deck 1457 preimages 35
deck 1458 preimages 25
deck 1459 preimages 21
deck 1460 preimages 8
deck 1461 preimages 7
deck 1462 preimages 8
deck 1463 preimages 10
deck 1464 preimages 12
deck 1465 preimages 8
deck 1466 preimages 10
deck 1467 preimages 18
deck 1468 preimages 14
deck 1469 preimages 30
deck 1470 preimages 30
deck 1471 preimages 32
deck 1472 preimages 43
deck 1473 preimages 14
deck 1474 preimages 42
deck 1475 preimages 43
deck 1476 preimages 46
deck 1477 preimages 2
deck 1478 preimages 16
deck 1479 preimages 25
deck 1480 preimages 3
deck 1481 preimages 21
deck 1482 preimages 24
deck 1483 preimages 23
deck 1484 preimages 48
deck 1485 preimages 21
deck 1486 preimages 89
deck 1487 preimages 33
deck 1488 preimages 15
deck 1489 preimages 8
deck 1490 preimages 6
deck 1491 preimages 55
deck 1492 preimages 20
deck 1493 preimages 4
deck 1494 preimages 23
deck 1495 preimages 45
deck 1496 preimages 44
deck 1497 preimages 18
deck 1498 preimages 8
deck 1499 preimages 6
deck 1500 preimages 23
deck 1501 preimages 4
deck 1502 preimages 54
deck 1503 preimages 29
deck 1504 preimages 6
deck 1505 preimages 49
deck 1506 preimages 17
deck 1507 preimages 9
deck 1508 preimages 16
deck 1509 preimages 32
deck 1510 preimages 46
deck 1511 preimages 6
deck 1512 preimages 17
deck 1513 preimages 27
deck 1514 preimages 9
deck 1515 preimages 28
deck 1516 preimages 12
deck 1517 preimages 8
deck 1518 preimages 6
deck 1519 preimages 73
deck 1520 preimages 30
deck 1521 preimages 9
deck 1522 preimages 40
deck 1523 preimages 13
deck 1524 preimages 17
deck 1525 preimages 4
deck 1526 preimages 14
deck 1527 preimages 39
deck 1528 preimages 43
deck 1529 preimages 16
deck 1530 preimages 20
deck 1531 preimages 6
deck 1532 preimages 22
deck 1533 preimages 10
deck 1534 preimages 76
deck 1535 preimages 51
deck 1536 preimages 9
deck 1537 preimages 26
deck 1538 preimages 63
deck 1539 preimages 2
deck 1540 preimages 34
deck 1541 preimages 6
deck 1542 preimages 19
deck 1543 preimages 78
deck 1544 preimages 9
deck 1545 preimages 2
deck 1546 preimages 27
deck 1547 preimages 6
deck 1548 preimages 10
deck 1549 preimages 20
deck 1550 preimages 12
deck 1551 preimages 21
deck 1552 preimages 18
deck 1553 preimages 35
deck 1554 preimages 13
deck 1555 preimages 21
deck 1556 preimages 20
deck 1557 preimages 115
deck 1558 preimages 8
deck 1559 preimages 17
deck 1560 preimages 18
deck 1561 preimages 7
deck 1562 preimages 86
deck 1563 preimages 69
deck 1564 preimages 23
deck 1565 preimages 32
deck 1566 preimages 37
deck 1567 preimages 26
deck 1568 preimages 5
deck 1569 preimages 10
deck 1570 preimages 26
deck 1571 preimages 10
deck 1572 preimages 174
deck 1573 preimages 13
deck 1574 preimages 69
deck 1575 preimages 31
deck 1576 preimages 27
deck 1577 preimages 21
deck 1578 preimages 23
deck 1579 preimages 8
deck 1580 preimages 5
deck 1581 preimages 44
deck 1582 preimages 16
deck 1583 preimages 47
deck 1584 preimages 7
deck 1585 preimages 12
deck 1586 preimages 35
deck 1587 preimages 31
deck 1588 preimages 5
deck 1589 preimages 5
deck 1590 preimages 6
deck 1591 preimages 48
deck 1592 preimages 10
deck 1593 preimages 7
deck 1594 preimages 55
deck 1595 preimages 78
deck 1596 preimages 37
deck 1597 preimages 21
deck 1598 preimages 18
deck 1599 preimages 19
deck 1600 preimages 46
deck 1601 preimages 34
deck 1602 preimages 11
deck 1603 preimages 103
deck 1604 preimages 131
deck 1605 preimages 34
deck 1606 preimages 19
deck 1607 preimages 20
deck 1608 preimages 20
deck 1609 preimages 22
deck 1610 preimages 14
deck 1611 preimages 8
deck 1612 preimages 11
deck 1613 preimages 13
deck 1614 preimages 31
deck 1615 preimages 18
deck 1616 preimages 9
deck 1617 preimages 16
deck 1618 preimages 21
deck 1619 preimages 13
deck 1620 preimages 12
deck 1621 preimages 21
deck 1622 preimages 11
deck 1623 preimages 21
deck 1624 preimages 5
deck 1625 preimages 44
deck 1626 preimages 7
deck 1627 preimages 8
deck 1628 preimages 28
deck 1629 preimages 20
deck 1630 preimages 16
deck 1631 preimages 15
deck 1632 preimages 33
deck 1633 preimages 57
deck 1634 preimages 20
deck 1635 preimages 13
deck 1636 preimages 9
deck 1637 preimages 44
deck 1638 preimages 19
deck 1639 preimages 14
deck 1640 preimages 28
deck 1641 preimages 15
deck 1642 preimages 40
deck 1643 preimages 46
deck 1644 preimages 5
deck 1645 preimages 30
deck 1646 preimages 22
deck 1647 preimages 51
deck 1648 preimages 21
deck 1649 preimages 12
deck 1650 preimages 37
deck 1651 preimages 29
deck 1652 preimages 41
deck 1653 preimages 1
deck 1654 preimages 10
deck 1655 preimages 8
deck 1656 preimages 12
deck 1657 preimages 19
deck 1658 preimages 16
deck 1659 preimages 78
deck 1660 preimages 11
deck 1661 preimages 25
deck 1662 preimages 22
deck 1663 preimages 80
deck 1664 preimages 37
deck 1665 preimages 25
deck 1666 preimages 11
deck 1667 preimages 3
deck 1668 preimages 46
deck 1669 preimages 34
deck 1670 preimages 15
deck 1671 preimages 43
deck 1672 preimages 6
deck 1673 preimages 14
deck 1674 preimages 5
deck 1675 preimages 25
deck 1676 preimages 7
deck 1677 preimages 26
deck 1678 preimages 10
deck 1679 preimages 12
deck 1680 preimages 19
deck 1681 preimages 120
deck 1682 preimages 3
deck 1683 preimages 11
deck 1684 preimages 21
deck 1685 preimages 60
deck 1686 preimages 3
deck 1687 preimages 56
deck 1688 preimages 65
deck 1689 preimages 12
deck 1690 preimages 38
deck 1691 preimages 14
deck 1692 preimages 7
deck 1693 preimages 9
deck 1694 preimages 11
deck 1695 preimages 61
deck 1696 preimages 20
deck 1697 preimages 3
deck 1698 preimages 13
deck 1699 preimages 53
deck 1700 preimages 6
deck 1701 preimages 7
deck 1702 preimages 33
deck 1703 preimages 19
deck 1704 preimages 24
deck 1705 preimages 9
deck 1706 preimages 22
deck 1707 preimages 3
deck 1708 preimages 27
deck 1709 preimages 20
deck 1710 preimages 30
deck 1711 preimages 52
deck 1712 preimages 81
deck 1713 preimages 44
deck 1714 preimages 14
deck 1715 preimages 6
deck 1716 preimages 22
deck 1717 preimages 7
deck 1718 preimages 69
deck 1719 preimages 21
deck 1720 preimages 32
deck 1721 preimages 8
deck 1722 preimages 16
deck 1723 preimages 24
deck 1724 preimages 62
deck 1725 preimages 28
deck 1726 preimages 15
deck 1727 preimages 75
deck 1728 preimages 61
deck 1729 preimages 3
deck 1730 preimages 20
deck 1731 preimages 47
deck 1732 preimages 41
deck 1733 preimages 40
deck 1734 preimages 37
deck 1735 preimages 14
deck 1736 preimages 8
deck 1737 preimages 17
deck 1738 preimages 55
deck 1739 preimages 8
deck 1740 preimages 15
deck 1741 preimages 7
deck 1742 preimages 14
deck 1743 preimages 8
deck 1744 preimages 12
deck 1745 preimages 38
deck 1746 preimages 25
deck 1747 preimages 7
deck 1748 preimages 21
deck 1749 preimages 18
deck 1750 preimages 16
deck 1751 preimages 20
deck 1752 preimages 106
deck 1753 preimages 8
deck 1754 preimages 24
deck 1755 preimages 72
deck 1756 preimages 16
deck 1757 preimages 45
deck 1758 preimages 8
deck 1759 preimages 10
deck 1760 preimages 106
deck 1761 preimages 11
deck 1762 preimages 6
deck 1763 preimages 78
deck 1764 preimages 26
deck 1765 preimages 9
deck 1766 preimages 36
deck 1767 preimages 10
deck 1768 preimages 32
deck 1769 preimages 33
deck 1770 preimages 20
deck 1771 preimages 47
deck 1772 preimages 15
deck 1773 preimages 48
deck 1774 preimages 25
deck 1775 preimages 8
deck 1776 preimages 43
deck 1777 preimages 20
deck 1778 preimages 9
deck 1779 preimages 26
deck 1780 preimages 61
deck 1781 preimages 10
deck 1782 preimages 70
deck 1783 preimages 98
deck 1784 preimages 15
deck 1785 preimages 2
deck 1786 preimages 2
deck 1787 preimages 40
deck 1788 preimages 16
deck 1789 preimages 43
deck 1790 preimages 60
deck 1791 preimages 31
deck 1792 preimages 84
deck 1793 preimages 75
deck 1794 preimages 51
deck 1795 preimages 6
deck 1796 preimages 19
deck 1797 preimages 28
deck 1798 preimages 40
deck 1799 preimages 26
deck 1800 preimages 7
deck 1801 preimages 41
deck 1802 preimages 34
deck 1803 preimages 17
deck 1804 preimages 33
deck 1805 preimages 6
deck 1806 preimages 7
deck 1807 preimages 12
deck 1808 preimages 23
deck 1809 preimages 2
deck 1810 preimages 18
deck 1811 preimages 19
deck 1812 preimages 37
deck 1813 preimages 8
deck 1814 preimages 7
deck 1815 preimages 18
deck 1816 preimages 8
deck 1817 preimages 4
deck 1818 preimages 38
deck 1819 preimages 15
deck 1820 preimages 64
deck 1821 preimages 2
deck 1822 preimages 15
deck 1823 preimages 9
deck 1824 preimages 19
deck 1825 preimages 34
deck 1826 preimages 48
deck 1827 preimages 8
deck 1828 preimages 35
deck 1829 preimages 32
deck 1830 preimages 51
deck 1831 preimages 14
deck 1832 preimages 37
deck 1833 preimages 42
deck 1834 preimages 49
deck 1835 preimages 43
deck 1836 preimages 56
deck 1837 preimages 3
deck 1838 preimages 17
deck 1839 preimages 7
deck 1840 preimages 30
deck 1841 preimages 23
deck 1842 preimages 24
deck 1843 preimages 19
deck 1844 preimages 24
deck 1845 preimages 24
deck 1846 preimages 64
deck 1847 preimages 30
deck 1848 preimages 4
deck 1849 preimages 28
deck 1850 preimages 45
deck 1851 preimages 32
deck 1852 preimages 7
deck 1853 preimages 21
deck 1854 preimages 14
deck 1855 preimages 21
deck 1856 preimages 20
deck 1857 preimages 22
deck 1858 preimages 17
deck 1859 preimages 19
deck 1860 preimages 38
deck 1861 preimages 30
deck 1862 preimages 14
deck 1863 preimages 47
deck 1864 preimages 29
deck 1865 preimages 40
deck 1866 preimages 18
deck 1867 preimages 29
deck 1868 preimages 5
deck 1869 preimages 5
deck 1870 preimages 17
deck 1871 preimages 101
deck 1872 preimages 55
deck 1873 preimages 10
deck 1874 preimages 30
deck 1875 preimages 7
deck 1876 preimages 19
deck 1877 preimages 11
deck 1878 preimages 7
deck 1879 preimages 36
deck 1880 preimages 8
deck 1881 preimages 11
deck 1882 preimages 80
deck 1883 preimages 23
deck 1884 preimages 66
deck 1885 preimages 59
deck 1886 preimages 17
deck 1887 preimages 12
deck 1888 preimages 4
deck 1889 preimages 29
deck 1890 preimages 28
deck 1891 preimages 31
deck 1892 preimages 3
deck 1893 preimages 19
deck 1894 preimages 3
deck 1895 preimages 20
deck 1896 preimages 24
deck 1897 preimages 7
deck 1898 preimages 33
deck 1899 preimages 3
deck 1900 preimages 32
deck 1901 preimages 11
deck 1902 preimages 2
deck 1903 preimages 54
deck 1904 preimages 35
deck 1905 preimages 5
deck 1906 preimages 19
deck 1907 preimages 19
deck 1908 preimages 2
deck 1909 preimages 22
deck 1910 preimages 36
deck 1911 preimages 8
deck 1912 preimages 9
deck 1913 preimages 18
deck 1914 preimages 9
deck 1915 preimages 30
deck 1916 preimages 19
deck 1917 preimages 9
deck 1918 preimages 40
deck 1919 preimages 31
deck 1920 preimages 2
deck 1921 preimages 6
deck 1922 preimages 15
deck 1923 preimages 5
deck 1924 preimages 76
deck 1925 preimages 64
deck 1926 preimages 26
deck 1927 preimages 22
deck 1928 preimages 69
deck 1929 preimages 10
deck 1930 preimages 13
deck 1931 preimages 6
deck 1932 preimages 14
deck 1933 preimages 70
deck 1934 preimages 8
deck 1935 preimages 51
deck 1936 preimages 35
deck 1937 preimages 15
deck 1938 preimages 56
deck 1939 preimages 17
deck 1940 preimages 52
deck 1941 preimages 36
deck 1942 preimages 153
deck 1943 preimages 14
deck 1944 preimages 19
deck 1945 preimages 8
deck 1946 preimages 27
deck 1947 preimages 14
deck 1948 preimages 27
deck 1949 preimages 15
deck 1950 preimages 32
deck 1951 preimages 4
deck 1952 preimages 19
deck 1953 preimages 33
deck 1954 preimages 38
deck 1955 preimages 20
deck 1956 preimages 63
deck 1957 preimages 22
deck 1958 preimages 62
deck 1959 preimages 14
deck 1960 preimages 6
deck 1961 preimages 9
deck 1962 preimages 43
deck 1963 preimages 15
deck 1964 preimages 9
deck 1965 preimages 12
deck 1966 preimages 31
deck 1967 preimages 20
deck 1968 preimages 10
deck 1969 preimages 30
deck 1970 preimages 30
deck 1971 preimages 3
deck 1972 preimages 23
deck 1973 preimages 7
deck 1974 preimages 66
deck 1975 preimages 82
deck 1976 preimages 4
deck 1977 preimages 56
deck 1978 preimages 8
deck 1979 preimages 53
deck 1980 preimages 2
deck 1981 preimages 11
deck 1982 preimages 5
deck 1983 preimages 69
deck 1984 preimages 21
deck 1985 preimages 27
deck 1986 preimages 28
deck 1987 preimages 25
deck 1988 preimages 40
deck 1989 preimages 24
deck 1990 preimages 16
deck 1991 preimages 5
deck 1992 preimages 16
deck 1993 preimages 84
deck 1994 preimages 24
deck 1995 preimages 32
deck 1996 preimages 29
deck 1997 preimages 29
deck 1998 preimages 27
deck 1999 preimages 76
deck 2000 preimages 82
deck 2001 preimages 18
deck 2002 preimages 10
deck 2003 preimages 6
deck 2004 preimages 131
deck 2005 preimages 19
deck 2006 preimages 7
deck 2007 preimages 11
deck 2008 preimages 5
deck 2009 preimages 14
deck 2010 preimages 10
deck 2011 preimages 74
deck 2012 preimages 44
deck 2013 preimages 29
deck 2014 preimages 26
deck 2015 preimages 84
deck 2016 preimages 54
deck 2017 preimages 24
deck 2018 preimages 8
deck 2019 preimages 48
deck 2020 preimages 27
deck 2021 preimages 37
deck 2022 preimages 15
deck 2023 preimages 13
deck 2024 preimages 3
deck 2025 preimages 7
deck 2026 preimages 13
deck 2027 preimages 7
deck 2028 preimages 8
deck 2029 preimages 1
deck 2030 preimages 10
deck 2031 preimages 14
deck 2032 preimages 90
deck 2033 preimages 5
deck 2034 preimages 27
deck 2035 preimages 7
deck 2036 preimages 17
deck 2037 preimages 9
deck 2038 preimages 8
deck 2039 preimages 108
deck 2040 preimages 25
deck 2041 preimages 3
deck 2042 preimages 26
deck 2043 preimages 23
deck 2044 preimages 29
deck 2045 preimages 32
deck 2046 preimages 17
deck 2047 preimages 22
deck 2048 preimages 16
deck 2049 preimages 46
deck 2050 preimages 29
deck 2051 preimages 15
deck 2052 preimages 17
deck 2053 preimages 5
deck 2054 preimages 120
deck 2055 preimages 33
deck 2056 preimages 21
deck 2057 preimages 26
deck 2058 preimages 16
deck 2059 preimages 15
deck 2060 preimages 37
deck 2061 preimages 3
deck 2062 preimages 6
deck 2063 preimages 8
deck 2064 preimages 56
deck 2065 preimages 3
deck 2066 preimages 10
deck 2067 preimages 98
deck 2068 preimages 18
deck 2069 preimages 8
deck 2070 preimages 75
deck 2071 preimages 38
deck 2072 preimages 18
deck 2073 preimages 9
deck 2074 preimages 3
deck 2075 preimages 5
deck 2076 preimages 19
deck 2077 preimages 16
deck 2078 preimages 104
deck 2079 preimages 1
deck 2080 preimages 14
deck 2081 preimages 12
deck 2082 preimages 25
deck 2083 preimages 39
deck 2084 preimages 13
deck 2085 preimages 14
deck 2086 preimages 25
deck 2087 preimages 2
deck 2088 preimages 6
deck 2089 preimages 19
deck 2090 preimages 3
deck 2091 preimages 52
deck 2092 preimages 2
deck 2093 preimages 90
deck 2094 preimages 1
deck 2095 preimages 109
deck 2096 preimages 51
deck 2097 preimages 88
deck 2098 preimages 11
deck 2099 preimages 47
deck 2100 preimages 11
deck 2101 preimages 12
deck 2102 preimages 7
deck 2103 preimages 1
deck 2104 preimages 62
deck 2105 preimages 14
deck 2106 preimages 11
deck 2107 preimages 46
deck 2108 preimages 6
deck 2109 preimages 23
deck 2110 preimages 17
deck 2111 preimages 14
deck 2112 preimages 8
deck 2113 preimages 22
deck 2114 preimages 18
deck 2115 preimages 103
deck 2116 preimages 8
deck 2117 preimages 21
deck 2118 preimages 3
deck 2119 preimages 48
deck 2120 preimages 23
deck 2121 preimages 44
deck 2122 preimages 22
deck 2123 preimages 10
deck 2124 preimages 17
deck 2125 preimages 222
deck 2126 preimages 32
deck 2127 preimages 15
deck 2128 preimages 49
deck 2129 preimages 11
deck 2130 preimages 8
deck 2131 preimages 28
deck 2132 preimages 16
deck 2133 preimages 6
deck 2134 preimages 22
deck 2135 preimages 12
deck 2136 preimages 14
deck 2137 preimages 57
deck 2138 preimages 73
deck 2139 preimages 4
deck 2140 preimages 61
deck 2141 preimages 39
deck 2142 preimages 22
deck 2143 preimages 79
deck 2144 preimages 57
deck 2145 preimages 24
deck 2146 preimages 4
deck 2147 preimages 19
deck 2148 preimages 55
deck 2149 preimages 7
deck 2150 preimages 64
deck 2151 preimages 4
deck 2152 preimages 2
deck 2153 preimages 8
deck 2154 preimages 17
deck 2155 preimages 29
deck 2156 preimages 16
deck 2157 preimages 2
deck 2158 preimages 30
deck 2159 preimages 47
deck 2160 preimages 38
deck 2161 preimages 34
deck 2162 preimages 19
deck 2163 preimages 52
deck 2164 preimages 15
deck 2165 preimages 2
deck 2166 preimages 4
deck 2167 preimages 89
deck 2168 preimages 35
deck 2169 preimages 10
deck 2170 preimages 10
deck 2171 preimages 23
deck 2172 preimages 5
deck 2173 preimages 6
deck 2174 preimages 43
deck 2175 preimages 43
deck 2176 preimages 8
deck 2177 preimages 11
deck 2178 preimages 41
deck 2179 preimages 91
deck 2180 preimages 16
deck 2181 preimages 21
deck 2182 preimages 27
deck 2183 preimages 11
deck 2184 preimages 15
deck 2185 preimages 31
deck 2186 preimages 64
deck 2187 preimages 4
deck 2188 preimages 87
deck 2189 preimages 30
deck 2190 preimages 26
deck 2191 preimages 21
deck 2192 preimages 19
deck 2193 preimages 29
deck 2194 preimages 86
deck 2195 preimages 31
deck 2196 preimages 34
deck 2197 preimages 43
deck 2198 preimages 4
deck 2199 preimages 15
deck 2200 preimages 16
deck 2201 preimages 38
deck 2202 preimages 14
deck 2203 preimages 5
deck 2204 preimages 30
deck 2205 preimages 3
deck 2206 preimages 77
deck 2207 preimages 39
deck 2208 preimages 5
deck 2209 preimages 30
deck 2210 preimages 45
deck 2211 preimages 4
deck 2212 preimages 21
deck 2213 preimages 13
deck 2214 preimages 9
deck 2215 preimages 10
deck 2216 preimages 75
deck 2217 preimages 31
deck 2218 preimages 5
deck 2219 preimages 21
deck 2220 preimages 27
deck 2221 preimages 20
deck 2222 preimages 19
deck 2223 preimages 31
deck 2224 preimages 30
deck 2225 preimages 6
deck 2226 preimages 25
deck 2227 preimages 26
deck 2228 preimages 10
deck 2229 preimages 20
deck 2230 preimages 10
deck 2231 preimages 16
deck 2232 preimages 49
deck 2233 preimages 15
deck 2234 preimages 8
deck 2235 preimages 3
deck 2236 preimages 5
deck 2237 preimages 30
deck 2238 preimages 26
deck 2239 preimages 3
deck 2240 preimages 4
deck 2241 preimages 23
deck 2242 preimages 1
deck 2243 preimages 15
deck 2244 preimages 61
deck 2245 preimages 21
deck 2246 preimages 11
deck 2247 preimages 23
deck 2248 preimages 4
deck 2249 preimages 42
deck 2250 preimages 6
deck 2251 preimages 9
deck 2252 preimages 10
deck 2253 preimages 61
deck 2254 preimages 225
deck 2255 preimages 5
deck 2256 preimages 28
deck 2257 preimages 56
deck 2258 preimages 13
deck 2259 preimages 3
deck 2260 preimages 20
deck 2261 preimages 20
deck 2262 preimages 11
deck 2263 preimages 11
deck 2264 preimages 30
deck 2265 preimages 29
deck 2266 preimages 4
deck 2267 preimages 19
deck 2268 preimages 25
deck 2269 preimages 13
deck 2270 preimages 40
deck 2271 preimages 7
deck 2272 preimages 38
deck 2273 preimages 9
deck 2274 preimages 4
deck 2275 preimages 48
deck 2276 preimages 33
deck 2277 preimages 78
deck 2278 preimages 44
deck 2279 preimages 6
deck 2280 preimages 48
deck 2281 preimages 37
deck 2282 preimages 36
deck 2283 preimages 26
deck 2284 preimages 99
deck 2285 preimages 18
deck 2286 preimages 4
deck 2287 preimages 15
deck 2288 preimages 13
deck 2289 preimages 34
deck 2290 preimages 14
deck 2291 preimages 30
deck 2292 preimages 24
deck 2293 preimages 36
deck 2294 preimages 21
deck 2295 preimages 12
deck 2296 preimages 14
deck 2297 preimages 28
deck 2298 preimages 4
deck 2299 preimages 53
deck 2300 preimages 10
deck 2301 preimages 7
deck 2302 preimages 14
deck 2303 preimages 37
deck 2304 preimages 14
deck 2305 preimages 10
deck 2306 preimages 12
deck 2307 preimages 20
deck 2308 preimages 14
deck 2309 preimages 13
deck 2310 preimages 48
deck 2311 preimages 25
deck 2312 preimages 7
deck 2313 preimages 21
deck 2314 preimages 6
deck 2315 preimages 34
deck 2316 preimages 17
deck 2317 preimages 49
deck 2318 preimages 24
deck 2319 preimages 13
deck 2320 preimages 106
deck 2321 preimages 64
deck 2322 preimages 117
deck 2323 preimages 19
deck 2324 preimages 23
deck 2325 preimages 25
deck 2326 preimages 59
deck 2327 preimages 14
deck 2328 preimages 135
deck 2329 preimages 84
deck 2330 preimages 31
deck 2331 preimages 34
deck 2332 preimages 19
deck 2333 preimages 27
deck 2334 preimages 16
deck 2335 preimages 11
deck 2336 preimages 31
deck 2337 preimages 1
deck 2338 preimages 68
deck 2339 preimages 48
deck 2340 preimages 25
deck 2341 preimages 60
deck 2342 preimages 41
deck 2343 preimages 107
deck 2344 preimages 6
deck 2345 preimages 22
deck 2346 preimages 11
deck 2347 preimages 43
deck 2348 preimages 10
deck 2349 preimages 61
deck 2350 preimages 63
deck 2351 preimages 91
deck 2352 preimages 48
deck 2353 preimages 26
deck 2354 preimages 147
deck 2355 preimages 33
deck 2356 preimages 68
deck 2357 preimages 67
deck 2358 preimages 76
deck 2359 preimages 8
deck 2360 preimages 8
deck 2361 preimages 51
deck 2362 preimages 23
deck 2363 preimages 52
deck 2364 preimages 47
deck 2365 preimages 45
deck 2366 preimages 33
deck 2367 preimages 30
deck 2368 preimages 51
deck 2369 preimages 51
deck 2370 preimages 23
deck 2371 preimages 30
deck 2372 preimages 60
deck 2373 preimages 30
deck 2374 preimages 22
deck 2375 preimages 29
deck 2376 preimages 2
deck 2377 preimages 6
deck 2378 preimages 14
deck 2379 preimages 9
deck 2380 preimages 10
deck 2381 preimages 18
deck 2382 preimages 1
deck 2383 preimages 11
deck 2384 preimages 53
deck 2385 preimages 12
deck 2386 preimages 6
deck 2387 preimages 3
deck 2388 preimages 78
deck 2389 preimages 7
deck 2390 preimages 22
deck 2391 preimages 10
deck 2392 preimages 25
deck 2393 preimages 22
deck 2394 preimages 1
deck 2395 preimages 28
deck 2396 preimages 12
deck 2397 preimages 12
deck 2398 preimages 46
deck 2399 preimages 8
deck 2400 preimages 38
deck 2401 preimages 14
deck 2402 preimages 6
deck 2403 preimages 6
deck 2404 preimages 25
deck 2405 preimages 47
deck 2406 preimages 16
deck 2407 preimages 38
deck 2408 preimages 40
deck 2409 preimages 40
deck 2410 preimages 18
deck 2411 preimages 15
deck 2412 preimages 26
deck 2413 preimages 32
deck 2414 preimages 20
deck 2415 preimages 15
deck 2416 preimages 49
deck 2417 preimages 10
deck 2418 preimages 29
deck 2419 preimages 59
deck 2420 preimages 1
deck 2421 preimages 53
deck 2422 preimages 91
deck 2423 preimages 10
deck 2424 preimages 40
deck 2425 preimages 9
deck 2426 preimages 91
deck 2427 preimages 61
deck 2428 preimages 6
deck 2429 preimages 68
deck 2430 preimages 34
deck 2431 preimages 46
deck 2432 preimages 5
deck 2433 preimages 7
deck 2434 preimages 5
deck 2435 preimages 46
deck 2436 preimages 14
deck 2437 preimages 22
deck 2438 preimages 14
deck 2439 preimages 10
deck 2440 preimages 71
deck 2441 preimages 33
deck 2442 preimages 4
deck 2443 preimages 39
deck 2444 preimages 20
deck 2445 preimages 14
deck 2446 preimages 101
deck 2447 preimages 46
deck 2448 preimages 12
deck 2449 preimages 20
deck 2450 preimages 38
deck 2451 preimages 18
deck 2452 preimages 47
deck 2453 preimages 7
deck 2454 preimages 55
deck 2455 preimages 18
deck 2456 preimages 132
deck 2457 preimages 45
deck 2458 preimages 31
deck 2459 preimages 27
deck 2460 preimages 7
deck 2461 preimages 20
deck 2462 preimages 40
deck 2463 preimages 90
deck 2464 preimages 11
deck 2465 preimages 8
deck 2466 preimages 13
deck 2467 preimages 6
deck 2468 preimages 50
deck 2469 preimages 25
deck 2470 preimages 3
deck 2471 preimages 22
deck 2472 preimages 17
deck 2473 preimages 26
deck 2474 preimages 18
deck 2475 preimages 11
deck 2476 preimages 11
deck 2477 preimages 33
deck 2478 preimages 4
deck 2479 preimages 5
deck 2480 preimages 35
deck 2481 preimages 21
deck 2482 preimages 24
deck 2483 preimages 110
deck 2484 preimages 27
deck 2485 preimages 34
deck 2486 preimages 6
deck 2487 preimages 6
deck 2488 preimages 33
deck 2489 preimages 40
deck 2490 preimages 15
deck 2491 preimages 13
deck 2492 preimages 11
deck 2493 preimages 35
deck 2494 preimages 54
deck 2495 preimages 19
deck 2496 preimages 52
deck 2497 preimages 5
deck 2498 preimages 25
deck 2499 preimages 18
deck 2500 preimages 74
deck 2501 preimages 11
deck 2502 preimages 11
deck 2503 preimages 36
deck 2504 preimages 9
deck 2505 preimages 11
deck 2506 preimages 6
deck 2507 preimages 12
deck 2508 preimages 23
deck 2509 preimages 22
deck 2510 preimages 36
deck 2511 preimages 45
deck 2512 preimages 29
deck 2513 preimages 33
deck 2514 preimages 30
deck 2515 preimages 7
deck 2516 preimages 5
deck 2517 preimages 32
deck 2518 preimages 40
deck 2519 preimages 20
deck 2520 preimages 58
deck 2521 preimages 32
deck 2522 preimages 137
deck 2523 preimages 18
deck 2524 preimages 6
deck 2525 preimages 37
deck 2526 preimages 6
deck 2527 preimages 10
deck 2528 preimages 32
deck 2529 preimages 18
deck 2530 preimages 51
deck 2531 preimages 8
deck 2532 preimages 39
deck 2533 preimages 47
deck 2534 preimages 53
deck 2535 preimages 47
deck 2536 preimages 11
deck 2537 preimages 8
deck 2538 preimages 40
deck 2539 preimages 18
deck 2540 preimages 38
deck 2541 preimages 99
deck 2542 preimages 3
deck 2543 preimages 13
deck 2544 preimages 50
deck 2545 preimages 1
deck 2546 preimages 8
deck 2547 preimages 14
deck 2548 preimages 51
deck 2549 preimages 18
deck 2550 preimages 30
deck 2551 preimages 38
deck 2552 preimages 4
deck 2553 preimages 12
deck 2554 preimages 21
deck 2555 preimages 59
deck 2556 preimages 50
deck 2557 preimages 39
deck 2558 preimages 12
deck 2559 preimages 19
deck 2560 preimages 23
deck 2561 preimages 14
deck 2562 preimages 8
deck 2563 preimages 10
deck 2564 preimages 5
deck 2565 preimages 27
deck 2566 preimages 56
deck 2567 preimages 50
deck 2568 preimages 3
deck 2569 preimages 3
deck 2570 preimages 33
deck 2571 preimages 21
deck 2572 preimages 10
deck 2573 preimages 6
deck 2574 preimages 33
deck 2575 preimages 13
deck 2576 preimages 5
deck 2577 preimages 27
deck 2578 preimages 33
deck 2579 preimages 34
deck 2580 preimages 3
deck 2581 preimages 9
deck 2582 preimages 36
deck 2583 preimages 8
deck 2584 preimages 14
deck 2585 preimages 58
deck 2586 preimages 8
deck 2587 preimages 19
deck 2588 preimages 11
deck 2589 preimages 2
deck 2590 preimages 16
deck 2591 preimages 47
deck 2592 preimages 4
deck 2593 preimages 14
deck 2594 preimages 20
deck 2595 preimages 25
deck 2596 preimages 4
deck 2597 preimages 38
deck 2598 preimages 20
deck 2599 preimages 9
deck 2600 preimages 14
deck 2601 preimages 77
deck 2602 preimages 28
deck 2603 preimages 21
deck 2604 preimages 4
deck 2605 preimages 8
deck 2606 preimages 6
deck 2607 preimages 31
deck 2608 preimages 18
deck 2609 preimages 11
deck 2610 preimages 34
deck 2611 preimages 32
deck 2612 preimages 12
deck 2613 preimages 35
deck 2614 preimages 91
deck 2615 preimages 2
deck 2616 preimages 20
deck 2617 preimages 31
deck 2618 preimages 7
deck 2619 preimages 2
deck 2620 preimages 42
deck 2621 preimages 141
deck 2622 preimages 14
deck 2623 preimages 5
deck 2624 preimages 27
deck 2625 preimages 9
deck 2626 preimages 12
deck 2627 preimages 28
deck 2628 preimages 28
deck 2629 preimages 12
deck 2630 preimages 14
deck 2631 preimages 5
deck 2632 preimages 103
deck 2633 preimages 11
deck 2634 preimages 4
deck 2635 preimages 31
deck 2636 preimages 14
deck 2637 preimages 5
deck 2638 preimages 42
deck 2639 preimages 31
deck 2640 preimages 19
deck 2641 preimages 21
deck 2642 preimages 5
deck 2643 preimages 42
deck 2644 preimages 3
deck 2645 preimages 54
deck 2646 preimages 72
deck 2647 preimages 25
deck 2648 preimages 27
deck 2649 preimages 101
deck 2650 preimages 65
deck 2651 preimages 16
deck 2652 preimages 20
deck 2653 preimages 23
deck 2654 preimages 79
deck 2655 preimages 29
deck 2656 preimages 20
deck 2657 preimages 55
deck 2658 preimages 11
deck 2659 preimages 1
deck 2660 preimages 4
deck 2661 preimages 11
deck 2662 preimages 22
deck 2663 preimages 18
deck 2664 preimages 11
deck 2665 preimages 18
deck 2666 preimages 31
deck 2667 preimages 19
deck 2668 preimages 12
deck 2669 preimages 17
deck 2670 preimages 8
deck 2671 preimages 17
deck 2672 preimages 37
deck 2673 preimages 44
deck 2674 preimages 27
deck 2675 preimages 4
deck 2676 preimages 20
deck 2677 preimages 2
deck 2678 preimages 19
deck 2679 preimages 9
deck 2680 preimages 21
deck 2681 preimages 1
deck 2682 preimages 31
deck 2683 preimages 37
deck 2684 preimages 14
deck 2685 preimages 17
deck 2686 preimages 12
deck 2687 preimages 8
deck 2688 preimages 24
deck 2689 preimages 16
deck 2690 preimages 6
deck 2691 preimages 8
deck 2692 preimages 24
deck 2693 preimages 43
deck 2694 preimages 10
deck 2695 preimages 2
deck 2696 preimages 104
deck 2697 preimages 26
deck 2698 preimages 5
deck 2699 preimages 22
deck 2700 preimages 48
deck 2701 preimages 29
deck 2702 preimages 11
deck 2703 preimages 23
deck 2704 preimages 2
deck 2705 preimages 5
deck 2706 preimages 12
deck 2707 preimages 14
deck 2708 preimages 37
deck 2709 preimages 21
deck 2710 preimages 38
deck 2711 preimages 86
deck 2712 preimages 10
deck 2713 preimages 22
deck 2714 preimages 22
deck 2715 preimages 31
deck 2716 preimages 29
deck 2717 preimages 46
deck 2718 preimages 27
deck 2719 preimages 36
deck 2720 preimages 15
deck 2721 preimages 16
deck 2722 preimages 14
deck 2723 preimages 57
deck 2724 preimages 33
deck 2725 preimages 35
deck 2726 preimages 17
deck 2727 preimages 32
deck 2728 preimages 22
deck 2729 preimages 29
deck 2730 preimages 43
deck 2731 preimages 14
deck 2732 preimages 105
deck 2733 preimages 9
deck 2734 preimages 46
deck 2735 preimages 8
deck 2736 preimages 34
deck 2737 preimages 29
deck 2738 preimages 6
deck 2739 preimages 117
deck 2740 preimages 29
deck 2741 preimages 35
deck 2742 preimages 25
deck 2743 preimages 46
deck 2744 preimages 23
deck 2745 preimages 45
deck 2746 preimages 13
deck 2747 preimages 59
deck 2748 preimages 27
deck 2749 preimages 22
deck 2750 preimages 24
deck 2751 preimages 15
deck 2752 preimages 10
deck 2753 preimages 29
deck 2754 preimages 43
deck 2755 preimages 50
deck 2756 preimages 45
deck 2757 preimages 14
deck 2758 preimages 13
deck 2759 preimages 59
deck 2760 preimages 48
deck 2761 preimages 21
deck 2762 preimages 113
deck 2763 preimages 34
deck 2764 preimages 11
deck 2765 preimages 8
deck 2766 preimages 55
deck 2767 preimages 12
deck 2768 preimages 7
deck 2769 preimages 2
deck 2770 preimages 41
deck 2771 preimages 11
deck 2772 preimages 47
deck 2773 preimages 25
deck 2774 preimages 5
deck 2775 preimages 55
deck 2776 preimages 80
deck 2777 preimages 2
deck 2778 preimages 16
deck 2779 preimages 8
deck 2780 preimages 41
deck 2781 preimages 23
deck 2782 preimages 29
deck 2783 preimages 11
deck 2784 preimages 6
deck 2785 preimages 45
deck 2786 preimages 16
deck 2787 preimages 29
deck 2788 preimages 26
deck 2789 preimages 65
deck 2790 preimages 7
deck 2791 preimages 11
deck 2792 preimages 26
deck 2793 preimages 41
deck 2794 preimages 30
deck 2795 preimages 73
deck 2796 preimages 14
deck 2797 preimages 8
deck 2798 preimages 24
deck 2799 preimages 34
deck 2800 preimages 22
deck 2801 preimages 2
deck 2802 preimages 6
deck 2803 preimages 2
deck 2804 preimages 15
deck 2805 preimages 14
deck 2806 preimages 15
deck 2807 preimages 4
deck 2808 preimages 35
deck 2809 preimages 20
deck 2810 preimages 64
deck 2811 preimages 4
deck 2812 preimages 20
deck 2813 preimages 2
deck 2814 preimages 19
deck 2815 preimages 9
deck 2816 preimages 12
deck 2817 preimages 36
deck 2818 preimages 12
deck 2819 preimages 10
deck 2820 preimages 15
deck 2821 preimages 12
deck 2822 preimages 20
deck 2823 preimages 30
deck 2824 preimages 50
deck 2825 preimages 54
deck 2826 preimages 73
deck 2827 preimages 22
deck 2828 preimages 2
deck 2829 preimages 62
deck 2830 preimages 130
deck 2831 preimages 14
deck 2832 preimages 9
deck 2833 preimages 28
deck 2834 preimages 8
deck 2835 preimages 10
deck 2836 preimages 83
deck 2837 preimages 15
deck 2838 preimages 21
deck 2839 preimages 13
deck 2840 preimages 6
deck 2841 preimages 13
deck 2842 preimages 39
deck 2843 preimages 25
deck 2844 preimages 17
deck 2845 preimages 42
deck 2846 preimages 32
deck 2847 preimages 10
deck 2848 preimages 6
deck 2849 preimages 21
deck 2850 preimages 12
deck 2851 preimages 5
deck 2852 preimages 8
deck 2853 preimages 5
deck 2854 preimages 15
deck 2855 preimages 11
deck 2856 preimages 32
deck 2857 preimages 11
deck 2858 preimages 6
deck 2859 preimages 14
deck 2860 preimages 29
deck 2861 preimages 44
deck 2862 preimages 30
deck 2863 preimages 20
deck 2864 preimages 22
deck 2865 preimages 3
deck 2866 preimages 2
deck 2867 preimages 178
deck 2868 preimages 14
deck 2869 preimages 4
deck 2870 preimages 11
deck 2871 preimages 5
deck 2872 preimages 5
deck 2873 preimages 45
deck 2874 preimages 35
deck 2875 preimages 4
deck 2876 preimages 7
deck 2877 preimages 3
deck 2878 preimages 26
deck 2879 preimages 16
deck 2880 preimages 12
deck 2881 preimages 12
deck 2882 preimages 26
deck 2883 preimages 30
deck 2884 preimages 6
deck 2885 preimages 2
deck 2886 preimages 80
deck 2887 preimages 16
deck 2888 preimages 68
deck 2889 preimages 16
deck 2890 preimages 10
deck 2891 preimages 17
deck 2892 preimages 3
deck 2893 preimages 9
deck 2894 preimages 13
deck 2895 preimages 27
deck 2896 preimages 3
deck 2897 preimages 87
deck 2898 preimages 25
deck 2899 preimages 10
deck 2900 preimages 15
deck 2901 preimages 16
deck 2902 preimages 7
deck 2903 preimages 23
deck 2904 preimages 15
deck 2905 preimages 12
deck 2906 preimages 45
deck 2907 preimages 5
deck 2908 preimages 14
deck 2909 preimages 4
deck 2910 preimages 5
deck 2911 preimages 13
deck 2912 preimages 25
deck 2913 preimages 15
deck 2914 preimages 17
deck 2915 preimages 71
deck 2916 preimages 40
deck 2917 preimages 20
deck 2918 preimages 53
deck 2919 preimages 3
deck 2920 preimages 15
deck 2921 preimages 10
deck 2922 preimages 25
deck 2923 preimages 11
deck 2924 preimages 24
deck 2925 preimages 67
deck 2926 preimages 28
deck 2927 preimages 18
deck 2928 preimages 100
deck 2929 preimages 28
deck 2930 preimages 18
deck 2931 preimages 12
deck 2932 preimages 9
deck 2933 preimages 6
deck 2934 preimages 24
deck 2935 preimages 76
deck 2936 preimages 18
deck 2937 preimages 16
deck 2938 preimages 9
deck 2939 preimages 10
deck 2940 preimages 20
deck 2941 preimages 169
deck 2942 preimages 3
deck 2943 preimages 8
deck 2944 preimages 22
deck 2945 preimages 20
deck 2946 preimages 17
deck 2947 preimages 8
deck 2948 preimages 13
deck 2949 preimages 12
deck 2950 preimages 5
deck 2951 preimages 70
deck 2952 preimages 11
deck 2953 preimages 26
deck 2954 preimages 21
deck 2955 preimages 1
deck 2956 preimages 40
deck 2957 preimages 38
deck 2958 preimages 10
deck 2959 preimages 44
deck 2960 preimages 11
deck 2961 preimages 9
deck 2962 preimages 26
deck 2963 preimages 33
deck 2964 preimages 65
deck 2965 preimages 12
deck 2966 preimages 10
deck 2967 preimages 22
deck 2968 preimages 4
deck 2969 preimages 102
deck 2970 preimages 4
deck 2971 preimages 5
deck 2972 preimages 28
deck 2973 preimages 20
deck 2974 preimages 39
deck 2975 preimages 99
deck 2976 preimages 10
deck 2977 preimages 27
deck 2978 preimages 11
deck 2979 preimages 36
deck 2980 preimages 135
deck 2981 preimages 31
deck 2982 preimages 16
deck 2983 preimages 10
deck 2984 preimages 34
deck 2985 preimages 16
deck 2986 preimages 19
deck 2987 preimages 29
deck 2988 preimages 3
deck 2989 preimages 23
deck 2990 preimages 10
deck 2991 preimages 10
deck 2992 preimages 108
deck 2993 preimages 44
deck 2994 preimages 18
deck 2995 preimages 11
deck 2996 preimages 38
deck 2997 preimages 47
deck 2998 preimages 15
deck 2999 preimages 57
deck 3000 preimages 43
deck 3001 preimages 25
deck 3002 preimages 20
deck 3003 preimages 11
deck 3004 preimages 4
deck 3005 preimages 36
deck 3006 preimages 31
deck 3007 preimages 42
deck 3008 preimages 51
deck 3009 preimages 7
deck 3010 preimages 20
deck 3011 preimages 144
deck 3012 preimages 159
deck 3013 preimages 14
deck 3014 preimages 20
deck 3015 preimages 20
deck 3016 preimages 16
deck 3017 preimages 12
deck 3018 preimages 23
deck 3019 preimages 3
deck 3020 preimages 13
deck 3021 preimages 51
deck 3022 preimages 1
deck 3023 preimages 5
deck 3024 preimages 11
deck 3025 preimages 9
deck 3026 preimages 6
deck 3027 preimages 11
deck 3028 preimages 1
deck 3029 preimages 98
deck 3030 preimages 30
deck 3031 preimages 19
deck 3032 preimages 7
deck 3033 preimages 34
deck 3034 preimages 166
deck 3035 preimages 13
deck 3036 preimages 20
deck 3037 preimages 10
deck 3038 preimages 17
deck 3039 preimages 9
deck 3040 preimages 7
deck 3041 preimages 11
deck 3042 preimages 19
deck 3043 preimages 19
deck 3044 preimages 52
deck 3045 preimages 5
deck 3046 preimages 123
deck 3047 preimages 6
deck 3048 preimages 19
deck 3049 preimages 5
deck 3050 preimages 23
deck 3051 preimages 20
deck 3052 preimages 16
deck 3053 preimages 38
deck 3054 preimages 48
deck 3055 preimages 20
deck 3056 preimages 7
deck 3057 preimages 18
deck 3058 preimages 21
deck 3059 preimages 8
deck 3060 preimages 11
deck 3061 preimages 25
deck 3062 preimages 55
deck 3063 preimages 25
deck 3064 preimages 4
deck 3065 preimages 11
deck 3066 preimages 88
deck 3067 preimages 7
deck 3068 preimages 36
deck 3069 preimages 12
deck 3070 preimages 22
deck 3071 preimages 16
deck 3072 preimages 2
deck 3073 preimages 9
deck 3074 preimages 12
deck 3075 preimages 29
deck 3076 preimages 17
deck 3077 preimages 6
deck 3078 preimages 17
deck 3079 preimages 9
deck 3080 preimages 74
deck 3081 preimages 20
deck 3082 preimages 15
deck 3083 preimages 70
deck 3084 preimages 28
deck 3085 preimages 146
deck 3086 preimages 9
deck 3087 preimages 6
deck 3088 preimages 76
deck 3089 preimages 17
deck 3090 preimages 27
deck 3091 preimages 2
deck 3092 preimages 88
deck 3093 preimages 4
deck 3094 preimages 10
deck 3095 preimages 9
deck 3096 preimages 13
deck 3097 preimages 14
deck 3098 preimages 42
deck 3099 preimages 6
deck 3100 preimages 17
deck 3101 preimages 122
deck 3102 preimages 34
deck 3103 preimages 33
deck 3104 preimages 71
deck 3105 preimages 34
deck 3106 preimages 24
deck 3107 preimages 22
deck 3108 preimages 7
deck 3109 preimages 7
deck 3110 preimages 16
deck 3111 preimages 20
deck 3112 preimages 48
deck 3113 preimages 27
deck 3114 preimages 21
deck 3115 preimages 20
deck 3116 preimages 17
deck 3117 preimages 2
deck 3118 preimages 9
deck 3119 preimages 33
deck 3120 preimages 40
deck 3121 preimages 10
deck 3122 preimages 15
deck 3123 preimages 9
deck 3124 preimages 7
deck 3125 preimages 19
deck 3126 preimages 21
deck 3127 preimages 48
deck 3128 preimages 18
deck 3129 preimages 65
deck 3130 preimages 16
deck 3131 preimages 3
deck 3132 preimages 64
deck 3133 preimages 13
deck 3134 preimages 40
deck 3135 preimages 32
deck 3136 preimages 4
deck 3137 preimages 22
deck 3138 preimages 30
deck 3139 preimages 3
deck 3140 preimages 8
deck 3141 preimages 72
deck 3142 preimages 13
deck 3143 preimages 16
deck 3144 preimages 12
deck 3145 preimages 11
deck 3146 preimages 16
deck 3147 preimages 48
deck 3148 preimages 10
deck 3149 preimages 21
deck 3150 preimages 89
deck 3151 preimages 34
deck 3152 preimages 53
deck 3153 preimages 6
deck 3154 preimages 9
deck 3155 preimages 37
deck 3156 preimages 37
deck 3157 preimages 14
deck 3158 preimages 35
deck 3159 preimages 26
deck 3160 preimages 23
deck 3161 preimages 20
deck 3162 preimages 35
deck 3163 preimages 37
deck 3164 preimages 12
deck 3165 preimages 38
deck 3166 preimages 21
deck 3167 preimages 2
deck 3168 preimages 28
deck 3169 preimages 1
deck 3170 preimages 32
deck 3171 preimages 16
deck 3172 preimages 103
deck 3173 preimages 31
deck 3174 preimages 10
deck 3175 preimages 21
deck 3176 preimages 28
deck 3177 preimages 8
deck 3178 preimages 26
deck 3179 preimages 289
deck 3180 preimages 32
deck 3181 preimages 51
deck 3182 preimages 17
deck 3183 preimages 37
deck 3184 preimages 18
deck 3185 preimages 9
deck 3186 preimages 28
deck 3187 preimages 9
deck 3188 preimages 14
deck 3189 preimages 79
deck 3190 preimages 44
deck 3191 preimages 11
deck 3192 preimages 13
deck 3193 preimages 32
deck 3194 preimages 18
deck 3195 preimages 17
deck 3196 preimages 2
deck 3197 preimages 20
deck 3198 preimages 7
deck 3199 preimages 12
deck 3200 preimages 17
deck 3201 preimages 19
deck 3202 preimages 60
deck 3203 preimages 23
deck 3204 preimages 21
deck 3205 preimages 29
deck 3206 preimages 10
deck 3207 preimages 8
deck 3208 preimages 42
deck 3209 preimages 47
deck 3210 preimages 3
deck 3211 preimages 8
deck 3212 preimages 30
deck 3213 preimages 24
deck 3214 preimages 42
deck 3215 preimages 15
deck 3216 preimages 142
deck 3217 preimages 81
deck 3218 preimages 17
deck 3219 preimages 16
deck 3220 preimages 14
deck 3221 preimages 27
deck 3222 preimages 4
deck 3223 preimages 227
deck 3224 preimages 13
deck 3225 preimages 41
deck 3226 preimages 27
deck 3227 preimages 28
deck 3228 preimages 12
deck 3229 preimages 26
deck 3230 preimages 40
deck 3231 preimages 29
deck 3232 preimages 21
deck 3233 preimages 7
deck 3234 preimages 43
deck 3235 preimages 21
deck 3236 preimages 79
deck 3237 preimages 1
deck 3238 preimages 19
deck 3239 preimages 8
deck 3240 preimages 1
deck 3241 preimages 9
deck 3242 preimages 14
deck 3243 preimages 12
deck 3244 preimages 33
deck 3245 preimages 15
deck 3246 preimages 59
deck 3247 preimages 15
deck 3248 preimages 29
deck 3249 preimages 33
deck 3250 preimages 10
deck 3251 preimages 27
deck 3252 preimages 77
deck 3253 preimages 6
deck 3254 preimages 11
deck 3255 preimages 6
deck 3256 preimages 45
deck 3257 preimages 36
deck 3258 preimages 6
deck 3259 preimages 8
deck 3260 preimages 53
deck 3261 preimages 63
deck 3262 preimages 31
deck 3263 preimages 14
deck 3264 preimages 22
deck 3265 preimages 16
deck 3266 preimages 17
deck 3267 preimages 11
deck 3268 preimages 37
deck 3269 preimages 38
deck 3270 preimages 48
deck 3271 preimages 66
deck 3272 preimages 38
deck 3273 preimages 9
deck 3274 preimages 70
deck 3275 preimages 16
deck 3276 preimages 12
deck 3277 preimages 123
deck 3278 preimages 27
deck 3279 preimages 34
deck 3280 preimages 20
deck 3281 preimages 3
deck 3282 preimages 37
deck 3283 preimages 26
deck 3284 preimages 8
deck 3285 preimages 23
deck 3286 preimages 17
deck 3287 preimages 23
deck 3288 preimages 23
deck 3289 preimages 14
deck 3290 preimages 49
deck 3291 preimages 71
deck 3292 preimages 23
deck 3293 preimages 46
deck 3294 preimages 30
deck 3295 preimages 40
deck 3296 preimages 17
deck 3297 preimages 6
deck 3298 preimages 7
deck 3299 preimages 12
deck 3300 preimages 22
deck 3301 preimages 42
deck 3302 preimages 12
deck 3303 preimages 15
deck 3304 preimages 78
deck 3305 preimages 22
deck 3306 preimages 2
deck 3307 preimages 17
deck 3308 preimages 13
deck 3309 preimages 24
deck 3310 preimages 15
deck 3311 preimages 3
deck 3312 preimages 10
deck 3313 preimages 6
deck 3314 preimages 25
deck 3315 preimages 16
deck 3316 preimages 5
deck 3317 preimages 51
deck 3318 preimages 43
deck 3319 preimages 31
deck 3320 preimages 26
deck 3321 preimages 36
deck 3322 preimages 1
deck 3323 preimages 15
deck 3324 preimages 18
deck 3325 preimages 29
deck 3326 preimages 42
deck 3327 preimages 36
deck 3328 preimages 8
deck 3329 preimages 9
deck 3330 preimages 8
deck 3331 preimages 29
deck 3332 preimages 8
deck 3333 preimages 2
deck 3334 preimages 41
deck 3335 preimages 7
deck 3336 preimages 12
deck 3337 preimages 9
deck 3338 preimages 18
deck 3339 preimages 8
deck 3340 preimages 13
deck 3341 preimages 38
deck 3342 preimages 20
deck 3343 preimages 8
deck 3344 preimages 19
deck 3345 preimages 32
deck 3346 preimages 5
deck 3347 preimages 9
deck 3348 preimages 29
deck 3349 preimages 12
deck 3350 preimages 82
deck 3351 preimages 6
deck 3352 preimages 98
deck 3353 preimages 45
deck 3354 preimages 17
deck 3355 preimages 34
deck 3356 preimages 16
deck 3357 preimages 11
deck 3358 preimages 25
deck 3359 preimages 28
deck 3360 preimages 2
deck 3361 preimages 37
deck 3362 preimages 13
deck 3363 preimages 24
deck 3364 preimages 8
deck 3365 preimages 24
deck 3366 preimages 10
deck 3367 preimages 2
deck 3368 preimages 49
deck 3369 preimages 32
deck 3370 preimages 3
deck 3371 preimages 7
deck 3372 preimages 32
deck 3373 preimages 43
deck 3374 preimages 25
deck 3375 preimages 75
deck 3376 preimages 19
deck 3377 preimages 13
deck 3378 preimages 29
deck 3379 preimages 23
deck 3380 preimages 1
deck 3381 preimages 7
deck 3382 preimages 23
deck 3383 preimages 29
deck 3384 preimages 9
deck 3385 preimages 11
deck 3386 preimages 5
deck 3387 preimages 7
deck 3388 preimages 30
deck 3389 preimages 60
deck 3390 preimages 24
deck 3391 preimages 13
deck 3392 preimages 25
deck 3393 preimages 23
deck 3394 preimages 25
deck 3395 preimages 6
deck 3396 preimages 3
deck 3397 preimages 21
deck 3398 preimages 61
deck 3399 preimages 7
deck 3400 preimages 39
deck 3401 preimages 13
deck 3402 preimages 10
deck 3403 preimages 1
deck 3404 preimages 13
deck 3405 preimages 44
deck 3406 preimages 24
deck 3407 preimages 126
deck 3408 preimages 28
deck 3409 preimages 26
deck 3410 preimages 14
deck 3411 preimages 6
deck 3412 preimages 3
deck 3413 preimages 32
deck 3414 preimages 48
deck 3415 preimages 3
deck 3416 preimages 68
deck 3417 preimages 17
deck 3418 preimages 3
deck 3419 preimages 12
deck 3420 preimages 54
deck 3421 preimages 26
deck 3422 preimages 4
deck 3423 preimages 2
deck 3424 preimages 19
deck 3425 preimages 38
deck 3426 preimages 18
deck 3427 preimages 10
deck 3428 preimages 18
deck 3429 preimages 27
deck 3430 preimages 7
deck 3431 preimages 9
deck 3432 preimages 11
deck 3433 preimages 2
deck 3434 preimages 36
deck 3435 preimages 145
deck 3436 preimages 25
deck 3437 preimages 48
deck 3438 preimages 37
deck 3439 preimages 47
deck 3440 preimages 20
deck 3441 preimages 3
deck 3442 preimages 5
deck 3443 preimages 65
deck 3444 preimages 11
deck 3445 preimages 7
deck 3446 preimages 25
deck 3447 preimages 10
deck 3448 preimages 5
deck 3449 preimages 26
deck 3450 preimages 10
deck 3451 preimages 5
deck 3452 preimages 27
deck 3453 preimages 10
deck 3454 preimages 20
deck 3455 preimages 6
deck 3456 preimages 12
deck 3457 preimages 35
deck 3458 preimages 16
deck 3459 preimages 57
deck 3460 preimages 49
deck 3461 preimages 68
deck 3462 preimages 11
deck 3463 preimages 91
deck 3464 preimages 25
deck 3465 preimages 39
deck 3466 preimages 17
deck 3467 preimages 76
deck 3468 preimages 12
deck 3469 preimages 87
deck 3470 preimages 10
deck 3471 preimages 24
deck 3472 preimages 7
deck 3473 preimages 22
deck 3474 preimages 7
deck 3475 preimages 46
deck 3476 preimages 30
deck 3477 preimages 16
deck 3478 preimages 9
deck 3479 preimages 9
deck 3480 preimages 12
deck 3481 preimages 23
deck 3482 preimages 4
deck 3483 preimages 18
deck 3484 preimages 23
deck 3485 preimages 30
deck 3486 preimages 11
deck 3487 preimages 42
deck 3488 preimages 16
deck 3489 preimages 85
deck 3490 preimages 22
deck 3491 preimages 22
deck 3492 preimages 20
deck 3493 preimages 40
deck 3494 preimages 12
deck 3495 preimages 49
deck 3496 preimages 18
deck 3497 preimages 45
deck 3498 preimages 29
deck 3499 preimages 17
deck 3500 preimages 17
deck 3501 preimages 56
deck 3502 preimages 2
deck 3503 preimages 29
deck 3504 preimages 84
deck 3505 preimages 21
deck 3506 preimages 21
deck 3507 preimages 32
deck 3508 preimages 5
deck 3509 preimages 18
deck 3510 preimages 42
deck 3511 preimages 6
deck 3512 preimages 16
deck 3513 preimages 15
deck 3514 preimages 2
deck 3515 preimages 11
deck 3516 preimages 9
deck 3517 preimages 31
deck 3518 preimages 74
deck 3519 preimages 115
deck 3520 preimages 43
deck 3521 preimages 2
deck 3522 preimages 17
deck 3523 preimages 9
deck 3524 preimages 27
deck 3525 preimages 24
deck 3526 preimages 16
deck 3527 preimages 6
deck 3528 preimages 30
deck 3529 preimages 11
deck 3530 preimages 61
deck 3531 preimages 10
deck 3532 preimages 37
deck 3533 preimages 102
deck 3534 preimages 36
deck 3535 preimages 45
deck 3536 preimages 67
deck 3537 preimages 63
deck 3538 preimages 9
deck 3539 preimages 26
deck 3540 preimages 6
deck 3541 preimages 3
deck 3542 preimages 10
deck 3543 preimages 8
deck 3544 preimages 10
deck 3545 preimages 5
deck 3546 preimages 15
deck 3547 preimages 51
deck 3548 preimages 10
deck 3549 preimages 5
deck 3550 preimages 25
deck 3551 preimages 14
deck 3552 preimages 10
deck 3553 preimages 22
deck 3554 preimages 42
deck 3555 preimages 39
deck 3556 preimages 21
deck 3557 preimages 33
deck 3558 preimages 39
deck 3559 preimages 23
deck 3560 preimages 21
deck 3561 preimages 10
deck 3562 preimages 15
deck 3563 preimages 31
deck 3564 preimages 16
deck 3565 preimages 11
deck 3566 preimages 10
deck 3567 preimages 46
deck 3568 preimages 5
deck 3569 preimages 6
deck 3570 preimages 5
deck 3571 preimages 15
deck 3572 preimages 4
deck 3573 preimages 8
deck 3574 preimages 26
deck 3575 preimages 2
deck 3576 preimages 49
deck 3577 preimages 2
deck 3578 preimages 19
deck 3579 preimages 12
deck 3580 preimages 19
deck 3581 preimages 7
deck 3582 preimages 42
deck 3583 preimages 3
deck 3584 preimages 3
deck 3585 preimages 38
deck 3586 preimages 35
deck 3587 preimages 19
deck 3588 preimages 12
deck 3589 preimages 26
deck 3590 preimages 27
deck 3591 preimages 14
deck 3592 preimages 21
deck 3593 preimages 11
deck 3594 preimages 40
deck 3595 preimages 91
deck 3596 preimages 31
deck 3597 preimages 4
deck 3598 preimages 10
deck 3599 preimages 13
deck 3600 preimages 27
deck 3601 preimages 6
deck 3602 preimages 22
deck 3603 preimages 36
deck 3604 preimages 18
deck 3605 preimages 79
deck 3606 preimages 53
deck 3607 preimages 4
deck 3608 preimages 1
deck 3609 preimages 20
deck 3610 preimages 20
deck 3611 preimages 16
deck 3612 preimages 14
deck 3613 preimages 17
deck 3614 preimages 26
deck 3615 preimages 56
deck 3616 preimages 27
deck 3617 preimages 32
deck 3618 preimages 58
deck 3619 preimages 8
deck 3620 preimages 97
deck 3621 preimages 25
deck 3622 preimages 25
deck 3623 preimages 17
deck 3624 preimages 17
deck 3625 preimages 31
deck 3626 preimages 23
deck 3627 preimages 32
deck 3628 preimages 17
deck 3629 preimages 29
deck 3630 preimages 38
deck 3631 preimages 21
deck 3632 preimages 30
deck 3633 preimages 11
deck 3634 preimages 23
deck 3635 preimages 9
deck 3636 preimages 33
deck 3637 preimages 8
deck 3638 preimages 12
deck 3639 preimages 7
deck 3640 preimages 48
deck 3641 preimages 47
deck 3642 preimages 43
deck 3643 preimages 37
deck 3644 preimages 7
deck 3645 preimages 18
deck 3646 preimages 28
deck 3647 preimages 35
deck 3648 preimages 60
deck 3649 preimages 16
deck 3650 preimages 30
deck 3651 preimages 18
deck 3652 preimages 5
deck 3653 preimages 18
deck 3654 preimages 49
deck 3655 preimages 14
deck 3656 preimages 38
deck 3657 preimages 10
deck 3658 preimages 34
deck 3659 preimages 26
deck 3660 preimages 4
deck 3661 preimages 18
deck 3662 preimages 2
deck 3663 preimages 22
deck 3664 preimages 7
deck 3665 preimages 1
deck 3666 preimages 16
deck 3667 preimages 5
deck 3668 preimages 37
deck 3669 preimages 11
deck 3670 preimages 10
deck 3671 preimages 18
deck 3672 preimages 22
deck 3673 preimages 9
deck 3674 preimages 23
deck 3675 preimages 62
deck 3676 preimages 25
deck 3677 preimages 27
deck 3678 preimages 1
deck 3679 preimages 25
deck 3680 preimages 4
deck 3681 preimages 21
deck 3682 preimages 12
deck 3683 preimages 61
deck 3684 preimages 21
deck 3685 preimages 27
deck 3686 preimages 9
deck 3687 preimages 21
deck 3688 preimages 26
deck 3689 preimages 9
deck 3690 preimages 3
deck 3691 preimages 52
deck 3692 preimages 13
deck 3693 preimages 14
deck 3694 preimages 48
deck 3695 preimages 15
deck 3696 preimages 41
deck 3697 preimages 12
deck 3698 preimages 17
deck 3699 preimages 88
deck 3700 preimages 5
deck 3701 preimages 36
deck 3702 preimages 16
deck 3703 preimages 22
deck 3704 preimages 57
deck 3705 preimages 15
deck 3706 preimages 16
deck 3707 preimages 11
deck 3708 preimages 65
deck 3709 preimages 18
deck 3710 preimages 4
deck 3711 preimages 17
deck 3712 preimages 33
deck 3713 preimages 15
deck 3714 preimages 4
deck 3715 preimages 26
deck 3716 preimages 27
deck 3717 preimages 9
deck 3718 preimages 46
deck 3719 preimages 21
deck 3720 preimages 17
deck 3721 preimages 2
deck 3722 preimages 29
deck 3723 preimages 18
deck 3724 preimages 78
deck 3725 preimages 98
deck 3726 preimages 9
deck 3727 preimages 2
deck 3728 preimages 104
deck 3729 preimages 33
deck 3730 preimages 4
deck 3731 preimages 16
deck 3732 preimages 60
deck 3733 preimages 13
deck 3734 preimages 6
deck 3735 preimages 9
deck 3736 preimages 13
deck 3737 preimages 10
deck 3738 preimages 16
deck 3739 preimages 46
deck 3740 preimages 12
deck 3741 preimages 6
deck 3742 preimages 29
deck 3743 preimages 18
deck 3744 preimages 58
deck 3745 preimages 202
deck 3746 preimages 26
deck 3747 preimages 12
deck 3748 preimages 32
deck 3749 preimages 6
deck 3750 preimages 29
deck 3751 preimages 31
deck 3752 preimages 32
deck 3753 preimages 50
deck 3754 preimages 3
deck 3755 preimages 33
deck 3756 preimages 9
deck 3757 preimages 10
deck 3758 preimages 45
deck 3759 preimages 11
deck 3760 preimages 28
deck 3761 preimages 3
deck 3762 preimages 21
deck 3763 preimages 53
deck 3764 preimages 24
deck 3765 preimages 12
deck 3766 preimages 17
deck 3767 preimages 19
deck 3768 preimages 22
deck 3769 preimages 3
deck 3770 preimages 14
deck 3771 preimages 12
deck 3772 preimages 41
deck 3773 preimages 11
deck 3774 preimages 20
deck 3775 preimages 11
deck 3776 preimages 34
deck 3777 preimages 80
deck 3778 preimages 19
deck 3779 preimages 3
deck 3780 preimages 12
deck 3781 preimages 4
deck 3782 preimages 7
deck 3783 preimages 11
deck 3784 preimages 21
deck 3785 preimages 98
deck 3786 preimages 12
deck 3787 preimages 18
deck 3788 preimages 25
deck 3789 preimages 20
deck 3790 preimages 25
deck 3791 preimages 7
deck 3792 preimages 48
deck 3793 preimages 29
deck 3794 preimages 30
deck 3795 preimages 59
deck 3796 preimages 12
deck 3797 preimages 26
deck 3798 preimages 14
deck 3799 preimages 37
deck 3800 preimages 15
deck 3801 preimages 18
deck 3802 preimages 17
deck 3803 preimages 20
deck 3804 preimages 7
deck 3805 preimages 21
deck 3806 preimages 14
deck 3807 preimages 8
deck 3808 preimages 16
deck 3809 preimages 4
deck 3810 preimages 3
deck 3811 preimages 2
deck 3812 preimages 21
deck 3813 preimages 11
deck 3814 preimages 6
deck 3815 preimages 26
deck 3816 preimages 20
deck 3817 preimages 23
deck 3818 preimages 23
deck 3819 preimages 13
deck 3820 preimages 16
deck 3821 preimages 40
deck 3822 preimages 8
deck 3823 preimages 19
deck 3824 preimages 59
deck 3825 preimages 47
deck 3826 preimages 14
deck 3827 preimages 23
deck 3828 preimages 11
deck 3829 preimages 9
deck 3830 preimages 19
deck 3831 preimages 57
deck 3832 preimages 5
deck 3833 preimages 35
deck 3834 preimages 3
deck 3835 preimages 12
deck 3836 preimages 18
deck 3837 preimages 9
deck 3838 preimages 21
deck 3839 preimages 15
deck 3840 preimages 27
deck 3841 preimages 30
deck 3842 preimages 45
deck 3843 preimages 67
deck 3844 preimages 38
deck 3845 preimages 5
deck 3846 preimages 2
deck 3847 preimages 27
deck 3848 preimages 106
deck 3849 preimages 23
deck 3850 preimages 15
deck 3851 preimages 50
deck 3852 preimages 12
deck 3853 preimages 12
deck 3854 preimages 19
deck 3855 preimages 38
deck 3856 preimages 6
deck 3857 preimages 23
deck 3858 preimages 17
deck 3859 preimages 5
deck 3860 preimages 114
deck 3861 preimages 12
deck 3862 preimages 30
deck 3863 preimages 38
deck 3864 preimages 23
deck 3865 preimages 10
deck 3866 preimages 110
deck 3867 preimages 6
deck 3868 preimages 4
deck 3869 preimages 6
deck 3870 preimages 4
deck 3871 preimages 48
deck 3872 preimages 32
deck 3873 preimages 12
deck 3874 preimages 40
deck 3875 preimages 76
deck 3876 preimages 17
deck 3877 preimages 42
deck 3878 preimages 25
deck 3879 preimages 47
deck 3880 preimages 15
deck 3881 preimages 188
deck 3882 preimages 8
deck 3883 preimages 28
deck 3884 preimages 17
deck 3885 preimages 57
deck 3886 preimages 19
deck 3887 preimages 14
deck 3888 preimages 86
deck 3889 preimages 8
deck 3890 preimages 42
deck 3891 preimages 8
deck 3892 preimages 98
deck 3893 preimages 15
deck 3894 preimages 45
deck 3895 preimages 34
deck 3896 preimages 2
deck 3897 preimages 34
deck 3898 preimages 11
deck 3899 preimages 55
deck 3900 preimages 103
deck 3901 preimages 27
deck 3902 preimages 66
deck 3903 preimages 24
deck 3904 preimages 315
deck 3905 preimages 6
deck 3906 preimages 34
deck 3907 preimages 4
deck 3908 preimages 9
deck 3909 preimages 69
deck 3910 preimages 51
deck 3911 preimages 3
deck 3912 preimages 7
deck 3913 preimages 21
deck 3914 preimages 43
deck 3915 preimages 39
deck 3916 preimages 11
deck 3917 preimages 12
deck 3918 preimages 2
deck 3919 preimages 8
deck 3920 preimages 28
deck 3921 preimages 34
deck 3922 preimages 44
deck 3923 preimages 6
deck 3924 preimages 8
deck 3925 preimages 71
deck 3926 preimages 3
deck 3927 preimages 139
deck 3928 preimages 34
deck 3929 preimages 24
deck 3930 preimages 11
deck 3931 preimages 30
deck 3932 preimages 10
deck 3933 preimages 31
deck 3934 preimages 26
deck 3935 preimages 26
deck 3936 preimages 9
deck 3937 preimages 23
deck 3938 preimages 11
deck 3939 preimages 36
deck 3940 preimages 59
deck 3941 preimages 39
deck 3942 preimages 24
deck 3943 preimages 9
deck 3944 preimages 7
deck 3945 preimages 16
deck 3946 preimages 2
deck 3947 preimages 4
deck 3948 preimages 78
deck 3949 preimages 21
deck 3950 preimages 47
deck 3951 preimages 6
deck 3952 preimages 17
deck 3953 preimages 15
deck 3954 preimages 4
deck 3955 preimages 11
deck 3956 preimages 43
deck 3957 preimages 18
deck 3958 preimages 42
deck 3959 preimages 12
deck 3960 preimages 10
deck 3961 preimages 8
deck 3962 preimages 33
deck 3963 preimages 16
deck 3964 preimages 16
deck 3965 preimages 2
deck 3966 preimages 20
deck 3967 preimages 28
deck 3968 preimages 3
deck 3969 preimages 12
deck 3970 preimages 4
deck 3971 preimages 34
deck 3972 preimages 2
deck 3973 preimages 19
deck 3974 preimages 29
deck 3975 preimages 12
deck 3976 preimages 24
deck 3977 preimages 4
deck 3978 preimages 13
deck 3979 preimages 11
deck 3980 preimages 11
deck 3981 preimages 18
deck 3982 preimages 7
deck 3983 preimages 128
deck 3984 preimages 2
deck 3985 preimages 15
deck 3986 preimages 2
deck 3987 preimages 28
deck 3988 preimages 16
deck 3989 preimages 41
deck 3990 preimages 16
deck 3991 preimages 9
deck 3992 preimages 108
deck 3993 preimages 13
deck 3994 preimages 75
deck 3995 preimages 33
deck 3996 preimages 17
deck 3997 preimages 33
deck 3998 preimages 19
deck 3999 preimages 27
deck 4000 preimages 60
deck 4001 preimages 7
deck 4002 preimages 10
deck 4003 preimages 24
deck 4004 preimages 55
deck 4005 preimages 14
deck 4006 preimages 9
deck 4007 preimages 53
deck 4008 preimages 17
deck 4009 preimages 46
deck 4010 preimages 11
deck 4011 preimages 8
deck 4012 preimages 94
deck 4013 preimages 34
deck 4014 preimages 4
deck 4015 preimages 15
deck 4016 preimages 9
deck 4017 preimages 6
deck 4018 preimages 51
deck 4019 preimages 1
deck 4020 preimages 11
deck 4021 preimages 35
deck 4022 preimages 25
deck 4023 preimages 12
deck 4024 preimages 98
deck 4025 preimages 47
deck 4026 preimages 34
deck 4027 preimages 105
deck 4028 preimages 15
deck 4029 preimages 28
deck 4030 preimages 23
deck 4031 preimages 71
deck 4032 preimages 11
deck 4033 preimages 24
deck 4034 preimages 29
deck 4035 preimages 18
deck 4036 preimages 74
deck 4037 preimages 24
deck 4038 preimages 22
deck 4039 preimages 5
deck 4040 preimages 12
deck 4041 preimages 22
deck 4042 preimages 7
deck 4043 preimages 40
deck 4044 preimages 17
deck 4045 preimages 11
deck 4046 preimages 52
deck 4047 preimages 14
deck 4048 preimages 39
deck 4049 preimages 11
deck 4050 preimages 12
deck 4051 preimages 41
deck 4052 preimages 105
deck 4053 preimages 8
deck 4054 preimages 22
deck 4055 preimages 11
deck 4056 preimages 9
deck 4057 preimages 50
deck 4058 preimages 6
deck 4059 preimages 21
deck 4060 preimages 2
deck 4061 preimages 19
deck 4062 preimages 12
deck 4063 preimages 5
deck 4064 preimages 8
deck 4065 preimages 16
deck 4066 preimages 11
deck 4067 preimages 83
deck 4068 preimages 9
deck 4069 preimages 32
deck 4070 preimages 4
deck 4071 preimages 54
deck 4072 preimages 68
deck 4073 preimages 9
deck 4074 preimages 17
deck 4075 preimages 11
deck 4076 preimages 40
deck 4077 preimages 17
deck 4078 preimages 43
deck 4079 preimages 14
deck 4080 preimages 32
deck 4081 preimages 8
deck 4082 preimages 12
deck 4083 preimages 57
deck 4084 preimages 6
deck 4085 preimages 24
deck 4086 preimages 40
deck 4087 preimages 21
deck 4088 preimages 39
deck 4089 preimages 57
deck 4090 preimages 62
deck 4091 preimages 43
deck 4092 preimages 71
deck 4093 preimages 15
deck 4094 preimages 5
deck 4095 preimages 16
deck 4096 preimages 41
deck 4097 preimages 33
deck 4098 preimages 20
deck 4099 preimages 12
deck 4100 preimages 15
deck 4101 preimages 35
deck 4102 preimages 8
deck 4103 preimages 54
deck 4104 preimages 9
deck 4105 preimages 27
deck 4106 preimages 2
deck 4107 preimages 5
deck 4108 preimages 70
deck 4109 preimages 20
deck 4110 preimages 12
deck 4111 preimages 12
deck 4112 preimages 38
deck 4113 preimages 20
deck 4114 preimages 24
deck 4115 preimages 16
deck 4116 preimages 7
deck 4117 preimages 2
deck 4118 preimages 44
deck 4119 preimages 12
deck 4120 preimages 4
deck 4121 preimages 5
deck 4122 preimages 29
deck 4123 preimages 11
deck 4124 preimages 30
deck 4125 preimages 8
deck 4126 preimages 58
deck 4127 preimages 20
deck 4128 preimages 32
deck 4129 preimages 18
deck 4130 preimages 7
deck 4131 preimages 12
deck 4132 preimages 6
deck 4133 preimages 7
deck 4134 preimages 5
deck 4135 preimages 22
deck 4136 preimages 42
deck 4137 preimages 4
deck 4138 preimages 18
deck 4139 preimages 37
deck 4140 preimages 11
deck 4141 preimages 17
deck 4142 preimages 14
deck 4143 preimages 19
deck 4144 preimages 24
deck 4145 preimages 6
deck 4146 preimages 11
deck 4147 preimages 10
deck 4148 preimages 3
deck 4149 preimages 3
deck 4150 preimages 83
deck 4151 preimages 20
deck 4152 preimages 2
deck 4153 preimages 70
deck 4154 preimages 7
deck 4155 preimages 4
deck 4156 preimages 53
deck 4157 preimages 37
deck 4158 preimages 6
deck 4159 preimages 56
deck 4160 preimages 3
deck 4161 preimages 55
deck 4162 preimages 59
deck 4163 preimages 19
deck 4164 preimages 24
deck 4165 preimages 34
deck 4166 preimages 15
deck 4167 preimages 18
deck 4168 preimages 37
deck 4169 preimages 8
deck 4170 preimages 16
deck 4171 preimages 31
deck 4172 preimages 6
deck 4173 preimages 29
deck 4174 preimages 14
deck 4175 preimages 34
deck 4176 preimages 109
deck 4177 preimages 10
deck 4178 preimages 13
deck 4179 preimages 6
deck 4180 preimages 17
deck 4181 preimages 28
deck 4182 preimages 11
deck 4183 preimages 16
deck 4184 preimages 6
deck 4185 preimages 13
deck 4186 preimages 12
deck 4187 preimages 18
deck 4188 preimages 1
deck 4189 preimages 9
deck 4190 preimages 30
deck 4191 preimages 5
deck 4192 preimages 27
deck 4193 preimages 18
deck 4194 preimages 49
deck 4195 preimages 57
deck 4196 preimages 68
deck 4197 preimages 9
deck 4198 preimages 16
deck 4199 preimages 46
deck 4200 preimages 59
deck 4201 preimages 7
deck 4202 preimages 34
deck 4203 preimages 21
deck 4204 preimages 8
deck 4205 preimages 44
deck 4206 preimages 66
deck 4207 preimages 14
deck 4208 preimages 4
deck 4209 preimages 69
deck 4210 preimages 164
deck 4211 preimages 16
deck 4212 preimages 32
deck 4213 preimages 6
deck 4214 preimages 4
deck 4215 preimages 10
deck 4216 preimages 26
deck 4217 preimages 23
deck 4218 preimages 11
deck 4219 preimages 21
deck 4220 preimages 62
deck 4221 preimages 2
deck 4222 preimages 4
deck 4223 preimages 4
deck 4224 preimages 28
deck 4225 preimages 3
deck 4226 preimages 87
deck 4227 preimages 4
deck 4228 preimages 13
deck 4229 preimages 32
deck 4230 preimages 32
deck 4231 preimages 38
deck 4232 preimages 7
deck 4233 preimages 44
deck 4234 preimages 11
deck 4235 preimages 11
deck 4236 preimages 39
deck 4237 preimages 10
deck 4238 preimages 17
deck 4239 preimages 63
deck 4240 preimages 21
deck 4241 preimages 10
deck 4242 preimages 76
deck 4243 preimages 5
deck 4244 preimages 32
deck 4245 preimages 12
deck 4246 preimages 27
deck 4247 preimages 24
deck 4248 preimages 21
deck 4249 preimages 22
deck 4250 preimages 10
deck 4251 preimages 120
deck 4252 preimages 5
deck 4253 preimages 8
deck 4254 preimages 47
deck 4255 preimages 19
deck 4256 preimages 58
deck 4257 preimages 36
deck 4258 preimages 70
deck 4259 preimages 40
deck 4260 preimages 20
deck 4261 preimages 26
deck 4262 preimages 167
deck 4263 preimages 33
deck 4264 preimages 17
deck 4265 preimages 318
deck 4266 preimages 11
deck 4267 preimages 22
deck 4268 preimages 38
deck 4269 preimages 10
deck 4270 preimages 21
deck 4271 preimages 8
deck 4272 preimages 11
deck 4273 preimages 40
deck 4274 preimages 105
deck 4275 preimages 19
deck 4276 preimages 30
deck 4277 preimages 9
deck 4278 preimages 14
deck 4279 preimages 2
deck 4280 preimages 13
deck 4281 preimages 206
deck 4282 preimages 15
deck 4283 preimages 19
deck 4284 preimages 5
deck 4285 preimages 19
deck 4286 preimages 204
deck 4287 preimages 33
deck 4288 preimages 17
deck 4289 preimages 2
deck 4290 preimages 9
deck 4291 preimages 13
deck 4292 preimages 68
deck 4293 preimages 25
deck 4294 preimages 11
deck 4295 preimages 34
deck 4296 preimages 98
deck 4297 preimages 16
deck 4298 preimages 8
deck 4299 preimages 10
deck 4300 preimages 18
deck 4301 preimages 19
deck 4302 preimages 26
deck 4303 preimages 12
deck 4304 preimages 4
deck 4305 preimages 18
deck 4306 preimages 40
deck 4307 preimages 16
deck 4308 preimages 7
deck 4309 preimages 5
deck 4310 preimages 67
deck 4311 preimages 53
deck 4312 preimages 5
deck 4313 preimages 54
deck 4314 preimages 14
deck 4315 preimages 23
deck 4316 preimages 2
deck 4317 preimages 14
deck 4318 preimages 17
deck 4319 preimages 31
deck 4320 preimages 65
deck 4321 preimages 25
deck 4322 preimages 18
deck 4323 preimages 4
deck 4324 preimages 33
deck 4325 preimages 9
deck 4326 preimages 2
deck 4327 preimages 24
deck 4328 preimages 18
deck 4329 preimages 46
deck 4330 preimages 4
deck 4331 preimages 63
deck 4332 preimages 27
deck 4333 preimages 31
deck 4334 preimages 8
deck 4335 preimages 6
deck 4336 preimages 37
deck 4337 preimages 15
deck 4338 preimages 8
deck 4339 preimages 19
deck 4340 preimages 7
deck 4341 preimages 41
deck 4342 preimages 14
deck 4343 preimages 36
deck 4344 preimages 6
deck 4345 preimages 6
deck 4346 preimages 29
deck 4347 preimages 13
deck 4348 preimages 35
deck 4349 preimages 19
deck 4350 preimages 31
deck 4351 preimages 8
deck 4352 preimages 42
deck 4353 preimages 21
deck 4354 preimages 22
deck 4355 preimages 44
deck 4356 preimages 13
deck 4357 preimages 2
deck 4358 preimages 33
deck 4359 preimages 31
deck 4360 preimages 3
deck 4361 preimages 34
deck 4362 preimages 12
deck 4363 preimages 38
deck 4364 preimages 6
deck 4365 preimages 19
deck 4366 preimages 8
deck 4367 preimages 31
deck 4368 preimages 3
deck 4369 preimages 10
deck 4370 preimages 27
deck 4371 preimages 35
deck 4372 preimages 10
deck 4373 preimages 3
deck 4374 preimages 33
deck 4375 preimages 3
deck 4376 preimages 5
deck 4377 preimages 56
deck 4378 preimages 12
deck 4379 preimages 19
deck 4380 preimages 23
deck 4381 preimages 10
deck 4382 preimages 24
deck 4383 preimages 30
deck 4384 preimages 24
deck 4385 preimages 32
deck 4386 preimages 16
deck 4387 preimages 22
deck 4388 preimages 116
deck 4389 preimages 25
deck 4390 preimages 24
deck 4391 preimages 47
deck 4392 preimages 10
deck 4393 preimages 32
deck 4394 preimages 37
deck 4395 preimages 5
deck 4396 preimages 58
deck 4397 preimages 26
deck 4398 preimages 24
deck 4399 preimages 7
deck 4400 preimages 26
deck 4401 preimages 66
deck 4402 preimages 6
deck 4403 preimages 13
deck 4404 preimages 46
deck 4405 preimages 3
deck 4406 preimages 48
deck 4407 preimages 37
deck 4408 preimages 15
deck 4409 preimages 9
deck 4410 preimages 24
deck 4411 preimages 23
deck 4412 preimages 21
deck 4413 preimages 31
deck 4414 preimages 13
deck 4415 preimages 17
deck 4416 preimages 65
deck 4417 preimages 16
deck 4418 preimages 1
deck 4419 preimages 36
deck 4420 preimages 45
deck 4421 preimages 15
deck 4422 preimages 48
deck 4423 preimages 11
deck 4424 preimages 15
deck 4425 preimages 70
deck 4426 preimages 12
deck 4427 preimages 114
deck 4428 preimages 28
deck 4429 preimages 3
deck 4430 preimages 14
deck 4431 preimages 5
deck 4432 preimages 20
deck 4433 preimages 18
deck 4434 preimages 4
deck 4435 preimages 25
deck 4436 preimages 38
deck 4437 preimages 58
deck 4438 preimages 14
deck 4439 preimages 72
deck 4440 preimages 20
deck 4441 preimages 47
deck 4442 preimages 2
deck 4443 preimages 4
deck 4444 preimages 23
deck 4445 preimages 19
deck 4446 preimages 147
deck 4447 preimages 14
deck 4448 preimages 12
deck 4449 preimages 7
deck 4450 preimages 5
deck 4451 preimages 2
deck 4452 preimages 50
deck 4453 preimages 39
deck 4454 preimages 14
deck 4455 preimages 18
deck 4456 preimages 21
deck 4457 preimages 28
deck 4458 preimages 4
deck 4459 preimages 39
deck 4460 preimages 33
deck 4461 preimages 29
deck 4462 preimages 18
deck 4463 preimages 28
deck 4464 preimages 4
deck 4465 preimages 89
deck 4466 preimages 41
deck 4467 preimages 7
deck 4468 preimages 52
deck 4469 preimages 17
deck 4470 preimages 28
deck 4471 preimages 18
deck 4472 preimages 50
deck 4473 preimages 25
deck 4474 preimages 17
deck 4475 preimages 10
deck 4476 preimages 100
deck 4477 preimages 6
deck 4478 preimages 4
deck 4479 preimages 55
deck 4480 preimages 24
deck 4481 preimages 77
deck 4482 preimages 24
deck 4483 preimages 12
deck 4484 preimages 12
deck 4485 preimages 15
deck 4486 preimages 10
deck 4487 preimages 7
deck 4488 preimages 7
deck 4489 preimages 17
deck 4490 preimages 46
deck 4491 preimages 15
deck 4492 preimages 7
deck 4493 preimages 25
deck 4494 preimages 7
deck 4495 preimages 38
deck 4496 preimages 9
deck 4497 preimages 47
deck 4498 preimages 61
deck 4499 preimages 26
deck 4500 preimages 76
deck 4501 preimages 10
deck 4502 preimages 18
deck 4503 preimages 81
deck 4504 preimages 11
deck 4505 preimages 25
deck 4506 preimages 49
deck 4507 preimages 22
deck 4508 preimages 150
deck 4509 preimages 16
deck 4510 preimages 42
deck 4511 preimages 16
deck 4512 preimages 33
deck 4513 preimages 7
deck 4514 preimages 5
deck 4515 preimages 19
deck 4516 preimages 36
deck 4517 preimages 19
deck 4518 preimages 66
deck 4519 preimages 36
deck 4520 preimages 28
deck 4521 preimages 22
deck 4522 preimages 25
deck 4523 preimages 14
deck 4524 preimages 5
deck 4525 preimages 31
deck 4526 preimages 9
deck 4527 preimages 27
deck 4528 preimages 21
deck 4529 preimages 13
deck 4530 preimages 62
deck 4531 preimages 40
deck 4532 preimages 13
deck 4533 preimages 13
deck 4534 preimages 57
deck 4535 preimages 32
deck 4536 preimages 10
deck 4537 preimages 38
deck 4538 preimages 22
deck 4539 preimages 43
deck 4540 preimages 30
deck 4541 preimages 17
deck 4542 preimages 15
deck 4543 preimages 5
deck 4544 preimages 24
deck 4545 preimages 4
deck 4546 preimages 10
deck 4547 preimages 26
deck 4548 preimages 10
deck 4549 preimages 55
deck 4550 preimages 21
deck 4551 preimages 7
deck 4552 preimages 27
deck 4553 preimages 47
deck 4554 preimages 7
deck 4555 preimages 7
deck 4556 preimages 23
deck 4557 preimages 9
deck 4558 preimages 76
deck 4559 preimages 2
deck 4560 preimages 55
deck 4561 preimages 94
deck 4562 preimages 85
deck 4563 preimages 51
deck 4564 preimages 22
deck 4565 preimages 73
deck 4566 preimages 28
deck 4567 preimages 46
deck 4568 preimages 2
deck 4569 preimages 9
deck 4570 preimages 36
deck 4571 preimages 43
deck 4572 preimages 8
deck 4573 preimages 37
deck 4574 preimages 13
deck 4575 preimages 27
deck 4576 preimages 38
deck 4577 preimages 18
deck 4578 preimages 2
deck 4579 preimages 22
deck 4580 preimages 4
deck 4581 preimages 14
deck 4582 preimages 38
deck 4583 preimages 31
deck 4584 preimages 29
deck 4585 preimages 51
deck 4586 preimages 39
deck 4587 preimages 78
deck 4588 preimages 30
deck 4589 preimages 27
deck 4590 preimages 41
deck 4591 preimages 8
deck 4592 preimages 22
deck 4593 preimages 59
deck 4594 preimages 8
deck 4595 preimages 18
deck 4596 preimages 51
deck 4597 preimages 68
deck 4598 preimages 16
deck 4599 preimages 25
deck 4600 preimages 10
deck 4601 preimages 14
deck 4602 preimages 1
deck 4603 preimages 45
deck 4604 preimages 37
deck 4605 preimages 41
deck 4606 preimages 5
deck 4607 preimages 54
deck 4608 preimages 30
deck 4609 preimages 18
deck 4610 preimages 26
deck 4611 preimages 14
deck 4612 preimages 19
deck 4613 preimages 22
deck 4614 preimages 95
deck 4615 preimages 15
deck 4616 preimages 32
deck 4617 preimages 134
deck 4618 preimages 22
deck 4619 preimages 35
deck 4620 preimages 71
deck 4621 preimages 10
deck 4622 preimages 10
deck 4623 preimages 4
deck 4624 preimages 56
deck 4625 preimages 21
deck 4626 preimages 8
deck 4627 preimages 18
deck 4628 preimages 81
deck 4629 preimages 12
deck 4630 preimages 59
deck 4631 preimages 10
deck 4632 preimages 90
deck 4633 preimages 14
deck 4634 preimages 39
deck 4635 preimages 8
deck 4636 preimages 19
deck 4637 preimages 28
deck 4638 preimages 54
deck 4639 preimages 5
deck 4640 preimages 10
deck 4641 preimages 25
deck 4642 preimages 32
deck 4643 preimages 7
deck 4644 preimages 9
deck 4645 preimages 5
deck 4646 preimages 10
deck 4647 preimages 66
deck 4648 preimages 39
deck 4649 preimages 12
deck 4650 preimages 9
deck 4651 preimages 9
deck 4652 preimages 33
deck 4653 preimages 5
deck 4654 preimages 46
deck 4655 preimages 21
deck 4656 preimages 10
deck 4657 preimages 17
deck 4658 preimages 26
deck 4659 preimages 50
deck 4660 preimages 32
deck 4661 preimages 43
deck 4662 preimages 10
deck 4663 preimages 7
deck 4664 preimages 64
deck 4665 preimages 15
deck 4666 preimages 25
deck 4667 preimages 37
deck 4668 preimages 14
deck 4669 preimages 15
deck 4670 preimages 13
deck 4671 preimages 21
deck 4672 preimages 12
deck 4673 preimages 27
deck 4674 preimages 30
deck 4675 preimages 49
deck 4676 preimages 11
deck 4677 preimages 24
deck 4678 preimages 7
deck 4679 preimages 8
deck 4680 preimages 40
deck 4681 preimages 32
deck 4682 preimages 13
deck 4683 preimages 14
deck 4684 preimages 17
deck 4685 preimages 17
deck 4686 preimages 85
deck 4687 preimages 18
deck 4688 preimages 10
deck 4689 preimages 25
deck 4690 preimages 29
deck 4691 preimages 40
deck 4692 preimages 4
deck 4693 preimages 20
deck 4694 preimages 22
deck 4695 preimages 30
deck 4696 preimages 30
deck 4697 preimages 64
deck 4698 preimages 15
deck 4699 preimages 85
deck 4700 preimages 46
deck 4701 preimages 39
deck 4702 preimages 59
deck 4703 preimages 37
deck 4704 preimages 7
deck 4705 preimages 6
deck 4706 preimages 26
deck 4707 preimages 64
deck 4708 preimages 13
deck 4709 preimages 8
deck 4710 preimages 16
deck 4711 preimages 12
deck 4712 preimages 17
deck 4713 preimages 12
deck 4714 preimages 31
deck 4715 preimages 5
deck 4716 preimages 17
deck 4717 preimages 16
deck 4718 preimages 6
deck 4719 preimages 13
deck 4720 preimages 30
deck 4721 preimages 28
deck 4722 preimages 12
deck 4723 preimages 66
deck 4724 preimages 4
deck 4725 preimages 26
deck 4726 preimages 4
deck 4727 preimages 5
deck 4728 preimages 2
deck 4729 preimages 5
deck 4730 preimages 14
deck 4731 preimages 27
deck 4732 preimages 6
deck 4733 preimages 125
deck 4734 preimages 42
deck 4735 preimages 52
deck 4736 preimages 11
deck 4737 preimages 31
deck 4738 preimages 21
deck 4739 preimages 23
deck 4740 preimages 16
deck 4741 preimages 16
deck 4742 preimages 115
deck 4743 preimages 17
deck 4744 preimages 77
deck 4745 preimages 23
deck 4746 preimages 206
deck 4747 preimages 34
deck 4748 preimages 153
deck 4749 preimages 13
deck 4750 preimages 226
deck 4751 preimages 53
deck 4752 preimages 18
deck 4753 preimages 51
deck 4754 preimages 46
deck 4755 preimages 15
deck 4756 preimages 58
deck 4757 preimages 5
deck 4758 preimages 33
deck 4759 preimages 29
deck 4760 preimages 31
deck 4761 preimages 8
deck 4762 preimages 22
deck 4763 preimages 43
deck 4764 preimages 23
deck 4765 preimages 44
deck 4766 preimages 30
deck 4767 preimages 23
deck 4768 preimages 13
deck 4769 preimages 20
deck 4770 preimages 8
deck 4771 preimages 10
deck 4772 preimages 20
deck 4773 preimages 34
deck 4774 preimages 19
deck 4775 preimages 30
deck 4776 preimages 22
deck 4777 preimages 18
deck 4778 preimages 19
deck 4779 preimages 21
deck 4780 preimages 28
deck 4781 preimages 3
deck 4782 preimages 15
deck 4783 preimages 15
deck 4784 preimages 49
deck 4785 preimages 5
deck 4786 preimages 55
deck 4787 preimages 31
deck 4788 preimages 38
deck 4789 preimages 38
deck 4790 preimages 19
deck 4791 preimages 32
deck 4792 preimages 34
deck 4793 preimages 10
deck 4794 preimages 5
deck 4795 preimages 4
deck 4796 preimages 33
deck 4797 preimages 42
deck 4798 preimages 43
deck 4799 preimages 10
deck 4800 preimages 11
deck 4801 preimages 36
deck 4802 preimages 11
deck 4803 preimages 67
deck 4804 preimages 43
deck 4805 preimages 24
deck 4806 preimages 25
deck 4807 preimages 9
deck 4808 preimages 84
deck 4809 preimages 48
deck 4810 preimages 8
deck 4811 preimages 9
deck 4812 preimages 50
deck 4813 preimages 65
deck 4814 preimages 19
deck 4815 preimages 16
deck 4816 preimages 9
deck 4817 preimages 12
deck 4818 preimages 8
deck 4819 preimages 11
deck 4820 preimages 14
deck 4821 preimages 15
deck 4822 preimages 1
deck 4823 preimages 7
deck 4824 preimages 9
deck 4825 preimages 11
deck 4826 preimages 65
deck 4827 preimages 11
deck 4828 preimages 37
deck 4829 preimages 47
deck 4830 preimages 4
deck 4831 preimages 26
deck 4832 preimages 42
deck 4833 preimages 26
deck 4834 preimages 79
deck 4835 preimages 24
deck 4836 preimages 5
deck 4837 preimages 16
deck 4838 preimages 4
deck 4839 preimages 32
deck 4840 preimages 31
deck 4841 preimages 64
deck 4842 preimages 8
deck 4843 preimages 29
deck 4844 preimages 16
deck 4845 preimages 55
deck 4846 preimages 20
deck 4847 preimages 6
deck 4848 preimages 58
deck 4849 preimages 5
deck 4850 preimages 42
deck 4851 preimages 26
deck 4852 preimages 69
deck 4853 preimages 11
deck 4854 preimages 13
deck 4855 preimages 4
deck 4856 preimages 15
deck 4857 preimages 22
deck 4858 preimages 4
deck 4859 preimages 39
deck 4860 preimages 27
deck 4861 preimages 28
deck 4862 preimages 73
deck 4863 preimages 26
deck 4864 preimages 15
deck 4865 preimages 22
deck 4866 preimages 3
deck 4867 preimages 117
deck 4868 preimages 6
deck 4869 preimages 36
deck 4870 preimages 12
deck 4871 preimages 13
deck 4872 preimages 17
deck 4873 preimages 12
deck 4874 preimages 68
deck 4875 preimages 44
deck 4876 preimages 25
deck 4877 preimages 3
deck 4878 preimages 27
deck 4879 preimages 4
deck 4880 preimages 14
deck 4881 preimages 26
deck 4882 preimages 43
deck 4883 preimages 55
deck 4884 preimages 6
deck 4885 preimages 31
deck 4886 preimages 24
deck 4887 preimages 6
deck 4888 preimages 3
deck 4889 preimages 6
deck 4890 preimages 40
deck 4891 preimages 33
deck 4892 preimages 18
deck 4893 preimages 4
deck 4894 preimages 11
deck 4895 preimages 18
deck 4896 preimages 9
deck 4897 preimages 11
deck 4898 preimages 3
deck 4899 preimages 14
deck 4900 preimages 7
deck 4901 preimages 4
deck 4902 preimages 21
deck 4903 preimages 14
deck 4904 preimages 6
deck 4905 preimages 4
deck 4906 preimages 5
deck 4907 preimages 62
deck 4908 preimages 10
deck 4909 preimages 2
deck 4910 preimages 35
deck 4911 preimages 22
deck 4912 preimages 43
deck 4913 preimages 34
deck 4914 preimages 19
deck 4915 preimages 38
deck 4916 preimages 17
deck 4917 preimages 53
deck 4918 preimages 10
deck 4919 preimages 13
deck 4920 preimages 31
deck 4921 preimages 51
deck 4922 preimages 35
deck 4923 preimages 11
deck 4924 preimages 78
deck 4925 preimages 12
deck 4926 preimages 13
deck 4927 preimages 28
deck 4928 preimages 73
deck 4929 preimages 3
deck 4930 preimages 7
deck 4931 preimages 49
deck 4932 preimages 9
deck 4933 preimages 35
deck 4934 preimages 39
deck 4935 preimages 20
deck 4936 preimages 17
deck 4937 preimages 184
deck 4938 preimages 6
deck 4939 preimages 18
deck 4940 preimages 11
deck 4941 preimages 11
deck 4942 preimages 7
deck 4943 preimages 21
deck 4944 preimages 18
deck 4945 preimages 14
deck 4946 preimages 45
deck 4947 preimages 37
deck 4948 preimages 21
deck 4949 preimages 7
deck 4950 preimages 8
deck 4951 preimages 54
deck 4952 preimages 37
deck 4953 preimages 3
deck 4954 preimages 17
deck 4955 preimages 3
deck 4956 preimages 21
deck 4957 preimages 8
deck 4958 preimages 5
deck 4959 preimages 5
deck 4960 preimages 19
deck 4961 preimages 19
deck 4962 preimages 5
deck 4963 preimages 12
deck 4964 preimages 56
deck 4965 preimages 113
deck 4966 preimages 24
deck 4967 preimages 33
deck 4968 preimages 23
deck 4969 preimages 31
deck 4970 preimages 124
deck 4971 preimages 21
deck 4972 preimages 11
deck 4973 preimages 5
deck 4974 preimages 35
deck 4975 preimages 6
deck 4976 preimages 7
deck 4977 preimages 3
deck 4978 preimages 18
deck 4979 preimages 32
deck 4980 preimages 10
deck 4981 preimages 130
deck 4982 preimages 7
deck 4983 preimages 7
deck 4984 preimages 9
deck 4985 preimages 16
deck 4986 preimages 37
deck 4987 preimages 28
deck 4988 preimages 9
deck 4989 preimages 10
deck 4990 preimages 44
deck 4991 preimages 16
deck 4992 preimages 21
deck 4993 preimages 7
deck 4994 preimages 17
deck 4995 preimages 6
deck 4996 preimages 9
deck 4997 preimages 6
deck 4998 preimages 45
deck 4999 preimages 9
deck 5000 preimages 11
deck 5001 preimages 47
deck 5002 preimages 17
deck 5003 preimages 11
deck 5004 preimages 22
deck 5005 preimages 5
deck 5006 preimages 67
deck 5007 preimages 68
deck 5008 preimages 8
deck 5009 preimages 9
deck 5010 preimages 67
deck 5011 preimages 83
deck 5012 preimages 61
deck 5013 preimages 6
deck 5014 preimages 58
deck 5015 preimages 53
deck 5016 preimages 6
deck 5017 preimages 6
deck 5018 preimages 14
deck 5019 preimages 6
deck 5020 preimages 11
deck 5021 preimages 82
deck 5022 preimages 20
deck 5023 preimages 54
deck 5024 preimages 32
deck 5025 preimages 32
deck 5026 preimages 32
deck 5027 preimages 20
deck 5028 preimages 47
deck 5029 preimages 5
deck 5030 preimages 23
deck 5031 preimages 51
deck 5032 preimages 45
deck 5033 preimages 77
deck 5034 preimages 3
deck 5035 preimages 21
deck 5036 preimages 4
deck 5037 preimages 16
deck 5038 preimages 133
deck 5039 preimages 35
deck 5040 preimages 75
deck 5041 preimages 71
deck 5042 preimages 13
deck 5043 preimages 43
deck 5044 preimages 36
deck 5045 preimages 2
deck 5046 preimages 30
deck 5047 preimages 13
deck 5048 preimages 35
deck 5049 preimages 11
deck 5050 preimages 13
deck 5051 preimages 26
deck 5052 preimages 30
deck 5053 preimages 18
deck 5054 preimages 67
deck 5055 preimages 5
deck 5056 preimages 105
deck 5057 preimages 17
deck 5058 preimages 11
deck 5059 preimages 19
deck 5060 preimages 62
deck 5061 preimages 5
deck 5062 preimages 34
deck 5063 preimages 30
deck 5064 preimages 27
deck 5065 preimages 3
deck 5066 preimages 10
deck 5067 preimages 72
deck 5068 preimages 63
deck 5069 preimages 60
deck 5070 preimages 16
deck 5071 preimages 9
deck 5072 preimages 7
deck 5073 preimages 30
deck 5074 preimages 25
deck 5075 preimages 43
deck 5076 preimages 29
deck 5077 preimages 7
deck 5078 preimages 23
deck 5079 preimages 50
deck 5080 preimages 3
deck 5081 preimages 20
deck 5082 preimages 30
deck 5083 preimages 14
deck 5084 preimages 39
deck 5085 preimages 16
deck 5086 preimages 46
deck 5087 preimages 23
deck 5088 preimages 14
deck 5089 preimages 10
deck 5090 preimages 11
deck 5091 preimages 11
deck 5092 preimages 16
deck 5093 preimages 76
deck 5094 preimages 20
deck 5095 preimages 38
deck 5096 preimages 27
deck 5097 preimages 11
deck 5098 preimages 14
deck 5099 preimages 43
deck 5100 preimages 6
deck 5101 preimages 13
deck 5102 preimages 26
deck 5103 preimages 21
deck 5104 preimages 23
deck 5105 preimages 36
deck 5106 preimages 29
deck 5107 preimages 21
deck 5108 preimages 12
deck 5109 preimages 13
deck 5110 preimages 14
deck 5111 preimages 9
deck 5112 preimages 12
deck 5113 preimages 19
deck 5114 preimages 20
deck 5115 preimages 43
deck 5116 preimages 6
deck 5117 preimages 45
deck 5118 preimages 21
deck 5119 preimages 62
deck 5120 preimages 31
deck 5121 preimages 25
deck 5122 preimages 18
deck 5123 preimages 26
deck 5124 preimages 17
deck 5125 preimages 28
deck 5126 preimages 3
deck 5127 preimages 10
deck 5128 preimages 19
deck 5129 preimages 17
deck 5130 preimages 29
deck 5131 preimages 14
deck 5132 preimages 15
deck 5133 preimages 14
deck 5134 preimages 52
deck 5135 preimages 22
deck 5136 preimages 35
deck 5137 preimages 114
deck 5138 preimages 4
deck 5139 preimages 38
deck 5140 preimages 3
deck 5141 preimages 11
deck 5142 preimages 15
deck 5143 preimages 21
deck 5144 preimages 22
deck 5145 preimages 9
deck 5146 preimages 37
deck 5147 preimages 13
deck 5148 preimages 4
deck 5149 preimages 9
deck 5150 preimages 19
deck 5151 preimages 20
deck 5152 preimages 8
deck 5153 preimages 10
deck 5154 preimages 60
deck 5155 preimages 7
deck 5156 preimages 37
deck 5157 preimages 28
deck 5158 preimages 14
deck 5159 preimages 22
deck 5160 preimages 11
deck 5161 preimages 20
deck 5162 preimages 40
deck 5163 preimages 3
deck 5164 preimages 35
deck 5165 preimages 22
deck 5166 preimages 36
deck 5167 preimages 11
deck 5168 preimages 17
deck 5169 preimages 21
deck 5170 preimages 17
deck 5171 preimages 35
deck 5172 preimages 85
deck 5173 preimages 16
deck 5174 preimages 44
deck 5175 preimages 3
deck 5176 preimages 19
deck 5177 preimages 28
deck 5178 preimages 31
deck 5179 preimages 27
deck 5180 preimages 49
deck 5181 preimages 45
deck 5182 preimages 11
deck 5183 preimages 32
deck 5184 preimages 37
deck 5185 preimages 10
deck 5186 preimages 7
deck 5187 preimages 54
deck 5188 preimages 3
deck 5189 preimages 15
deck 5190 preimages 23
deck 5191 preimages 13
deck 5192 preimages 179
deck 5193 preimages 12
deck 5194 preimages 21
deck 5195 preimages 21
deck 5196 preimages 2
deck 5197 preimages 20
deck 5198 preimages 32
deck 5199 preimages 130
deck 5200 preimages 9
deck 5201 preimages 22
deck 5202 preimages 21
deck 5203 preimages 14
deck 5204 preimages 30
deck 5205 preimages 10
deck 5206 preimages 2
deck 5207 preimages 30
deck 5208 preimages 37
deck 5209 preimages 116
deck 5210 preimages 8
deck 5211 preimages 27
deck 5212 preimages 93
deck 5213 preimages 4
deck 5214 preimages 86
deck 5215 preimages 4
deck 5216 preimages 10
deck 5217 preimages 20
deck 5218 preimages 15
deck 5219 preimages 9
deck 5220 preimages 20
deck 5221 preimages 61
deck 5222 preimages 19
deck 5223 preimages 13
deck 5224 preimages 27
deck 5225 preimages 36
deck 5226 preimages 2
deck 5227 preimages 10
deck 5228 preimages 21
deck 5229 preimages 14
deck 5230 preimages 18
deck 5231 preimages 10
deck 5232 preimages 3
deck 5233 preimages 3
deck 5234 preimages 14
deck 5235 preimages 12
deck 5236 preimages 3
deck 5237 preimages 27
deck 5238 preimages 1
deck 5239 preimages 1
deck 5240 preimages 3
deck 5241 preimages 27
deck 5242 preimages 23
deck 5243 preimages 8
deck 5244 preimages 7
deck 5245 preimages 53
deck 5246 preimages 88
deck 5247 preimages 80
deck 5248 preimages 8
deck 5249 preimages 20
deck 5250 preimages 32
deck 5251 preimages 7
deck 5252 preimages 14
deck 5253 preimages 23
deck 5254 preimages 3
deck 5255 preimages 57
deck 5256 preimages 4
deck 5257 preimages 7
deck 5258 preimages 5
deck 5259 preimages 14
deck 5260 preimages 14
deck 5261 preimages 94
deck 5262 preimages 52
deck 5263 preimages 35
deck 5264 preimages 14
deck 5265 preimages 105
deck 5266 preimages 51
deck 5267 preimages 2
deck 5268 preimages 56
deck 5269 preimages 7
deck 5270 preimages 5
deck 5271 preimages 23
deck 5272 preimages 3
deck 5273 preimages 58
deck 5274 preimages 30
deck 5275 preimages 7
deck 5276 preimages 74
deck 5277 preimages 59
deck 5278 preimages 53
deck 5279 preimages 32
deck 5280 preimages 41
deck 5281 preimages 29
deck 5282 preimages 65
deck 5283 preimages 32
deck 5284 preimages 28
deck 5285 preimages 86
deck 5286 preimages 17
deck 5287 preimages 26
deck 5288 preimages 28
deck 5289 preimages 21
deck 5290 preimages 67
deck 5291 preimages 40
deck 5292 preimages 8
deck 5293 preimages 64
deck 5294 preimages 22
deck 5295 preimages 12
deck 5296 preimages 8
deck 5297 preimages 4
deck 5298 preimages 4
deck 5299 preimages 10
deck 5300 preimages 12
deck 5301 preimages 22
deck 5302 preimages 10
deck 5303 preimages 20
deck 5304 preimages 62
deck 5305 preimages 116
deck 5306 preimages 20
deck 5307 preimages 6
deck 5308 preimages 13
deck 5309 preimages 22
deck 5310 preimages 7
deck 5311 preimages 14
deck 5312 preimages 26
deck 5313 preimages 36
deck 5314 preimages 99
deck 5315 preimages 12
deck 5316 preimages 1
deck 5317 preimages 4
deck 5318 preimages 8
deck 5319 preimages 30
deck 5320 preimages 13
deck 5321 preimages 13
deck 5322 preimages 37
deck 5323 preimages 27
deck 5324 preimages 24
deck 5325 preimages 37
deck 5326 preimages 26
deck 5327 preimages 12
deck 5328 preimages 2
deck 5329 preimages 20
deck 5330 preimages 32
deck 5331 preimages 25
deck 5332 preimages 13
deck 5333 preimages 98
deck 5334 preimages 4
deck 5335 preimages 7
deck 5336 preimages 9
deck 5337 preimages 160
deck 5338 preimages 123
deck 5339 preimages 24
deck 5340 preimages 20
deck 5341 preimages 1
deck 5342 preimages 26
deck 5343 preimages 32
deck 5344 preimages 28
deck 5345 preimages 38
deck 5346 preimages 31
deck 5347 preimages 29
deck 5348 preimages 25
deck 5349 preimages 19
deck 5350 preimages 13
deck 5351 preimages 23
deck 5352 preimages 16
deck 5353 preimages 21
deck 5354 preimages 16
deck 5355 preimages 44
deck 5356 preimages 35
deck 5357 preimages 43
deck 5358 preimages 6
deck 5359 preimages 14
deck 5360 preimages 46
deck 5361 preimages 6
deck 5362 preimages 50
deck 5363 preimages 16
deck 5364 preimages 22
deck 5365 preimages 23
deck 5366 preimages 67
deck 5367 preimages 21
deck 5368 preimages 18
deck 5369 preimages 71
deck 5370 preimages 26
deck 5371 preimages 62
deck 5372 preimages 10
deck 5373 preimages 25
deck 5374 preimages 11
deck 5375 preimages 125
deck 5376 preimages 30
deck 5377 preimages 73
deck 5378 preimages 28
deck 5379 preimages 15
deck 5380 preimages 33
deck 5381 preimages 23
deck 5382 preimages 18
deck 5383 preimages 46
deck 5384 preimages 12
deck 5385 preimages 72
deck 5386 preimages 22
deck 5387 preimages 3
deck 5388 preimages 15
deck 5389 preimages 39
deck 5390 preimages 47
deck 5391 preimages 2
deck 5392 preimages 17
deck 5393 preimages 26
deck 5394 preimages 5
deck 5395 preimages 14
deck 5396 preimages 10
deck 5397 preimages 23
deck 5398 preimages 22
deck 5399 preimages 28
deck 5400 preimages 27
deck 5401 preimages 23
deck 5402 preimages 14
deck 5403 preimages 8
deck 5404 preimages 8
deck 5405 preimages 19
deck 5406 preimages 6
deck 5407 preimages 30
deck 5408 preimages 44
deck 5409 preimages 5
deck 5410 preimages 15
deck 5411 preimages 32
deck 5412 preimages 41
deck 5413 preimages 2
deck 5414 preimages 2
deck 5415 preimages 14
deck 5416 preimages 10
deck 5417 preimages 5
deck 5418 preimages 119
deck 5419 preimages 36
deck 5420 preimages 31
deck 5421 preimages 13
deck 5422 preimages 26
deck 5423 preimages 26
deck 5424 preimages 8
deck 5425 preimages 43
deck 5426 preimages 44
deck 5427 preimages 39
deck 5428 preimages 8
deck 5429 preimages 11
deck 5430 preimages 37
deck 5431 preimages 6
deck 5432 preimages 36
deck 5433 preimages 6
deck 5434 preimages 28
deck 5435 preimages 23
deck 5436 preimages 28
deck 5437 preimages 38
deck 5438 preimages 7
deck 5439 preimages 22
deck 5440 preimages 120
deck 5441 preimages 22
deck 5442 preimages 12
deck 5443 preimages 14
deck 5444 preimages 16
deck 5445 preimages 85
deck 5446 preimages 15
deck 5447 preimages 20
deck 5448 preimages 28
deck 5449 preimages 4
deck 5450 preimages 24
deck 5451 preimages 21
deck 5452 preimages 28
deck 5453 preimages 42
deck 5454 preimages 29
deck 5455 preimages 8
deck 5456 preimages 34
deck 5457 preimages 24
deck 5458 preimages 10
deck 5459 preimages 26
deck 5460 preimages 70
deck 5461 preimages 54
deck 5462 preimages 32
deck 5463 preimages 38
deck 5464 preimages 31
deck 5465 preimages 48
deck 5466 preimages 77
deck 5467 preimages 6
deck 5468 preimages 4
deck 5469 preimages 35
deck 5470 preimages 8
deck 5471 preimages 20
deck 5472 preimages 11
deck 5473 preimages 53
deck 5474 preimages 26
deck 5475 preimages 19
deck 5476 preimages 67
deck 5477 preimages 41
deck 5478 preimages 27
deck 5479 preimages 29
deck 5480 preimages 19
deck 5481 preimages 4
deck 5482 preimages 10
deck 5483 preimages 37
deck 5484 preimages 6
deck 5485 preimages 30
deck 5486 preimages 37
deck 5487 preimages 6
deck 5488 preimages 11
deck 5489 preimages 41
deck 5490 preimages 41
deck 5491 preimages 11
deck 5492 preimages 20
deck 5493 preimages 15
deck 5494 preimages 26
deck 5495 preimages 11
deck 5496 preimages 40
deck 5497 preimages 5
deck 5498 preimages 16
deck 5499 preimages 9
deck 5500 preimages 4
deck 5501 preimages 122
deck 5502 preimages 60
deck 5503 preimages 10
deck 5504 preimages 23
deck 5505 preimages 23
deck 5506 preimages 11
deck 5507 preimages 37
deck 5508 preimages 35
deck 5509 preimages 23
deck 5510 preimages 26
deck 5511 preimages 34
deck 5512 preimages 9
deck 5513 preimages 42
deck 5514 preimages 22
deck 5515 preimages 33
deck 5516 preimages 9
deck 5517 preimages 38
deck 5518 preimages 52
deck 5519 preimages 22
deck 5520 preimages 116
deck 5521 preimages 9
deck 5522 preimages 27
deck 5523 preimages 25
deck 5524 preimages 17
deck 5525 preimages 9
deck 5526 preimages 103
deck 5527 preimages 25
deck 5528 preimages 17
deck 5529 preimages 11
deck 5530 preimages 22
deck 5531 preimages 7
deck 5532 preimages 43
deck 5533 preimages 52
deck 5534 preimages 3
deck 5535 preimages 10
deck 5536 preimages 11
deck 5537 preimages 43
deck 5538 preimages 11
deck 5539 preimages 64
deck 5540 preimages 74
deck 5541 preimages 11
deck 5542 preimages 1
deck 5543 preimages 4
deck 5544 preimages 20
deck 5545 preimages 4
deck 5546 preimages 16
deck 5547 preimages 5
deck 5548 preimages 19
deck 5549 preimages 18
deck 5550 preimages 45
deck 5551 preimages 19
deck 5552 preimages 24
deck 5553 preimages 15
deck 5554 preimages 9
deck 5555 preimages 30
deck 5556 preimages 20
deck 5557 preimages 18
deck 5558 preimages 36
deck 5559 preimages 38
deck 5560 preimages 24
deck 5561 preimages 30
deck 5562 preimages 20
deck 5563 preimages 57
deck 5564 preimages 7
deck 5565 preimages 10
deck 5566 preimages 104
deck 5567 preimages 40
deck 5568 preimages 32
deck 5569 preimages 29
deck 5570 preimages 50
deck 5571 preimages 63
deck 5572 preimages 11
deck 5573 preimages 72
deck 5574 preimages 8
deck 5575 preimages 7
deck 5576 preimages 13
deck 5577 preimages 27
deck 5578 preimages 18
deck 5579 preimages 8
deck 5580 preimages 84
deck 5581 preimages 37
deck 5582 preimages 11
deck 5583 preimages 35
deck 5584 preimages 15
deck 5585 preimages 39
deck 5586 preimages 14
deck 5587 preimages 32
deck 5588 preimages 15
deck 5589 preimages 15
deck 5590 preimages 10
deck 5591 preimages 58
deck 5592 preimages 23
deck 5593 preimages 30
deck 5594 preimages 8
deck 5595 preimages 16
deck 5596 preimages 19
deck 5597 preimages 2
deck 5598 preimages 23
deck 5599 preimages 37
deck 5600 preimages 43
deck 5601 preimages 34
deck 5602 preimages 18
deck 5603 preimages 6
deck 5604 preimages 16
deck 5605 preimages 33
deck 5606 preimages 5
deck 5607 preimages 39
deck 5608 preimages 5
deck 5609 preimages 5
deck 5610 preimages 7
deck 5611 preimages 30
deck 5612 preimages 17
deck 5613 preimages 8
deck 5614 preimages 30
deck 5615 preimages 8
deck 5616 preimages 10
deck 5617 preimages 31
deck 5618 preimages 13
deck 5619 preimages 14
deck 5620 preimages 81
deck 5621 preimages 18
deck 5622 preimages 15
deck 5623 preimages 40
deck 5624 preimages 41
deck 5625 preimages 39
deck 5626 preimages 195
deck 5627 preimages 27
deck 5628 preimages 21
deck 5629 preimages 23
deck 5630 preimages 15
deck 5631 preimages 6
deck 5632 preimages 71
deck 5633 preimages 8
deck 5634 preimages 32
deck 5635 preimages 1
deck 5636 preimages 1
deck 5637 preimages 19
deck 5638 preimages 6
deck 5639 preimages 9
deck 5640 preimages 8
deck 5641 preimages 15
deck 5642 preimages 132
deck 5643 preimages 46
deck 5644 preimages 18
deck 5645 preimages 19
deck 5646 preimages 25
deck 5647 preimages 17
deck 5648 preimages 53
deck 5649 preimages 6
deck 5650 preimages 37
deck 5651 preimages 22
deck 5652 preimages 3
deck 5653 preimages 16
deck 5654 preimages 45
deck 5655 preimages 3
deck 5656 preimages 22
deck 5657 preimages 63
deck 5658 preimages 9
deck 5659 preimages 17
deck 5660 preimages 31
deck 5661 preimages 19
deck 5662 preimages 29
deck 5663 preimages 48
deck 5664 preimages 5
deck 5665 preimages 20
deck 5666 preimages 9
deck 5667 preimages 33
deck 5668 preimages 20
deck 5669 preimages 9
deck 5670 preimages 67
deck 5671 preimages 15
deck 5672 preimages 3
deck 5673 preimages 43
deck 5674 preimages 11
deck 5675 preimages 2
deck 5676 preimages 6
deck 5677 preimages 24
deck 5678 preimages 3
deck 5679 preimages 15
deck 5680 preimages 3
deck 5681 preimages 71
deck 5682 preimages 15
deck 5683 preimages 74
deck 5684 preimages 102
deck 5685 preimages 6
deck 5686 preimages 6
deck 5687 preimages 26
deck 5688 preimages 8
deck 5689 preimages 9
deck 5690 preimages 11
deck 5691 preimages 27
deck 5692 preimages 28
deck 5693 preimages 16
deck 5694 preimages 8
deck 5695 preimages 72
deck 5696 preimages 6
deck 5697 preimages 10
deck 5698 preimages 9
deck 5699 preimages 24
deck 5700 preimages 16
deck 5701 preimages 11
deck 5702 preimages 11
deck 5703 preimages 2
deck 5704 preimages 68
deck 5705 preimages 25
deck 5706 preimages 22
deck 5707 preimages 26
deck 5708 preimages 40
deck 5709 preimages 6
deck 5710 preimages 15
deck 5711 preimages 20
deck 5712 preimages 12
deck 5713 preimages 67
deck 5714 preimages 14
deck 5715 preimages 30
deck 5716 preimages 2
deck 5717 preimages 51
deck 5718 preimages 3
deck 5719 preimages 17
deck 5720 preimages 26
deck 5721 preimages 39
deck 5722 preimages 9
deck 5723 preimages 20
deck 5724 preimages 22
deck 5725 preimages 11
deck 5726 preimages 16
deck 5727 preimages 30
deck 5728 preimages 16
deck 5729 preimages 5
deck 5730 preimages 3
deck 5731 preimages 20
deck 5732 preimages 10
deck 5733 preimages 9
deck 5734 preimages 27
deck 5735 preimages 8
deck 5736 preimages 18
deck 5737 preimages 27
deck 5738 preimages 25
deck 5739 preimages 29
deck 5740 preimages 19
deck 5741 preimages 6
deck 5742 preimages 31
deck 5743 preimages 6
deck 5744 preimages 20
deck 5745 preimages 11
deck 5746 preimages 5
deck 5747 preimages 20
deck 5748 preimages 44
deck 5749 preimages 25
deck 5750 preimages 2
deck 5751 preimages 8
deck 5752 preimages 22
deck 5753 preimages 19
deck 5754 preimages 44
deck 5755 preimages 43
deck 5756 preimages 60
deck 5757 preimages 43
deck 5758 preimages 32
deck 5759 preimages 52
deck 5760 preimages 13
deck 5761 preimages 23
deck 5762 preimages 17
deck 5763 preimages 20
deck 5764 preimages 66
deck 5765 preimages 3
deck 5766 preimages 12
deck 5767 preimages 2
deck 5768 preimages 6
deck 5769 preimages 4
deck 5770 preimages 15
deck 5771 preimages 2
deck 5772 preimages 12
deck 5773 preimages 3
deck 5774 preimages 137
deck 5775 preimages 37
deck 5776 preimages 56
deck 5777 preimages 7
deck 5778 preimages 2
deck 5779 preimages 15
deck 5780 preimages 6
deck 5781 preimages 22
deck 5782 preimages 5
deck 5783 preimages 3
deck 5784 preimages 51
deck 5785 preimages 2
deck 5786 preimages 51
deck 5787 preimages 16
deck 5788 preimages 46
deck 5789 preimages 28
deck 5790 preimages 17
deck 5791 preimages 24
deck 5792 preimages 23
deck 5793 preimages 72
deck 5794 preimages 72
deck 5795 preimages 4
deck 5796 preimages 5
deck 5797 preimages 15
deck 5798 preimages 54
deck 5799 preimages 7
deck 5800 preimages 22
deck 5801 preimages 11
deck 5802 preimages 16
deck 5803 preimages 17
deck 5804 preimages 10
deck 5805 preimages 16
deck 5806 preimages 15
deck 5807 preimages 9
deck 5808 preimages 14
deck 5809 preimages 31
deck 5810 preimages 42
deck 5811 preimages 60
deck 5812 preimages 22
deck 5813 preimages 76
deck 5814 preimages 129
deck 5815 preimages 19
deck 5816 preimages 30
deck 5817 preimages 40
deck 5818 preimages 6
deck 5819 preimages 7
deck 5820 preimages 2
deck 5821 preimages 29
deck 5822 preimages 27
deck 5823 preimages 47
deck 5824 preimages 42
deck 5825 preimages 41
deck 5826 preimages 4
deck 5827 preimages 38
deck 5828 preimages 19
deck 5829 preimages 34
deck 5830 preimages 15
deck 5831 preimages 18
deck 5832 preimages 13
deck 5833 preimages 2
deck 5834 preimages 41
deck 5835 preimages 26
deck 5836 preimages 109
deck 5837 preimages 101
deck 5838 preimages 13
deck 5839 preimages 54
deck 5840 preimages 10
deck 5841 preimages 65
deck 5842 preimages 15
deck 5843 preimages 25
deck 5844 preimages 12
deck 5845 preimages 15
deck 5846 preimages 8
deck 5847 preimages 64
deck 5848 preimages 34
deck 5849 preimages 32
deck 5850 preimages 6
deck 5851 preimages 12
deck 5852 preimages 16
deck 5853 preimages 62
deck 5854 preimages 2
deck 5855 preimages 82
deck 5856 preimages 3
deck 5857 preimages 49
deck 5858 preimages 27
deck 5859 preimages 31
deck 5860 preimages 22
deck 5861 preimages 10
deck 5862 preimages 10
deck 5863 preimages 86
deck 5864 preimages 20
deck 5865 preimages 12
deck 5866 preimages 29
deck 5867 preimages 28
deck 5868 preimages 14
deck 5869 preimages 28
deck 5870 preimages 11
deck 5871 preimages 26
deck 5872 preimages 16
deck 5873 preimages 23
deck 5874 preimages 26
deck 5875 preimages 20
deck 5876 preimages 4
deck 5877 preimages 74
deck 5878 preimages 25
deck 5879 preimages 2
deck 5880 preimages 11
deck 5881 preimages 143
deck 5882 preimages 4
deck 5883 preimages 89
deck 5884 preimages 52
deck 5885 preimages 2
deck 5886 preimages 12
deck 5887 preimages 23
deck 5888 preimages 10
deck 5889 preimages 94
deck 5890 preimages 25
deck 5891 preimages 4
deck 5892 preimages 41
deck 5893 preimages 41
deck 5894 preimages 23
deck 5895 preimages 29
deck 5896 preimages 59
deck 5897 preimages 37
deck 5898 preimages 10
deck 5899 preimages 67
deck 5900 preimages 15
deck 5901 preimages 5
deck 5902 preimages 8
deck 5903 preimages 13
deck 5904 preimages 20
deck 5905 preimages 48
deck 5906 preimages 6
deck 5907 preimages 15
deck 5908 preimages 84
deck 5909 preimages 20
deck 5910 preimages 13
deck 5911 preimages 25
deck 5912 preimages 3
deck 5913 preimages 33
deck 5914 preimages 15
deck 5915 preimages 27
deck 5916 preimages 6
deck 5917 preimages 35
deck 5918 preimages 39
deck 5919 preimages 5
deck 5920 preimages 44
deck 5921 preimages 19
deck 5922 preimages 11
deck 5923 preimages 12
deck 5924 preimages 35
deck 5925 preimages 2
deck 5926 preimages 26
deck 5927 preimages 24
deck 5928 preimages 45
deck 5929 preimages 53
deck 5930 preimages 83
deck 5931 preimages 31
deck 5932 preimages 81
deck 5933 preimages 7
deck 5934 preimages 33
deck 5935 preimages 41
deck 5936 preimages 151
deck 5937 preimages 37
deck 5938 preimages 49
deck 5939 preimages 16
deck 5940 preimages 7
deck 5941 preimages 74
deck 5942 preimages 37
deck 5943 preimages 45
deck 5944 preimages 12
deck 5945 preimages 3
deck 5946 preimages 40
deck 5947 preimages 17
deck 5948 preimages 32
deck 5949 preimages 27
deck 5950 preimages 1
deck 5951 preimages 27
deck 5952 preimages 100
deck 5953 preimages 53
deck 5954 preimages 161
deck 5955 preimages 8
deck 5956 preimages 19
deck 5957 preimages 94
deck 5958 preimages 76
deck 5959 preimages 4
deck 5960 preimages 8
deck 5961 preimages 10
deck 5962 preimages 23
deck 5963 preimages 21
deck 5964 preimages 44
deck 5965 preimages 7
deck 5966 preimages 17
deck 5967 preimages 4
deck 5968 preimages 35
deck 5969 preimages 34
deck 5970 preimages 70
deck 5971 preimages 19
deck 5972 preimages 78
deck 5973 preimages 34
deck 5974 preimages 19
deck 5975 preimages 32
deck 5976 preimages 10
deck 5977 preimages 4
deck 5978 preimages 13
deck 5979 preimages 10
deck 5980 preimages 20
deck 5981 preimages 32
deck 5982 preimages 17
deck 5983 preimages 24
deck 5984 preimages 44
deck 5985 preimages 24
deck 5986 preimages 15
deck 5987 preimages 56
deck 5988 preimages 71
deck 5989 preimages 4
deck 5990 preimages 35
deck 5991 preimages 2
deck 5992 preimages 113
deck 5993 preimages 18
deck 5994 preimages 29
deck 5995 preimages 46
deck 5996 preimages 21
deck 5997 preimages 64
deck 5998 preimages 55
deck 5999 preimages 32
deck 6000 preimages 38
deck 6001 preimages 31
deck 6002 preimages 36
deck 6003 preimages 21
deck 6004 preimages 12
deck 6005 preimages 40
deck 6006 preimages 35
deck 6007 preimages 4
deck 6008 preimages 45
deck 6009 preimages 8
deck 6010 preimages 5
deck 6011 preimages 29
deck 6012 preimages 7
deck 6013 preimages 25
deck 6014 preimages 76
deck 6015 preimages 21
deck 6016 preimages 11
deck 6017 preimages 87
deck 6018 preimages 28
deck 6019 preimages 11
deck 6020 preimages 29
deck 6021 preimages 37
deck 6022 preimages 49
deck 6023 preimages 9
deck 6024 preimages 45
deck 6025 preimages 14
deck 6026 preimages 43
deck 6027 preimages 17
deck 6028 preimages 17
deck 6029 preimages 29
deck 6030 preimages 31
deck 6031 preimages 2
deck 6032 preimages 14
deck 6033 preimages 6
deck 6034 preimages 10
deck 6035 preimages 14
deck 6036 preimages 73
deck 6037 preimages 10
deck 6038 preimages 28
deck 6039 preimages 6
deck 6040 preimages 1
deck 6041 preimages 25
deck 6042 preimages 67
deck 6043 preimages 107
deck 6044 preimages 17
deck 6045 preimages 21
deck 6046 preimages 13
deck 6047 preimages 49
deck 6048 preimages 5
deck 6049 preimages 19
deck 6050 preimages 13
deck 6051 preimages 13
deck 6052 preimages 8
deck 6053 preimages 15
deck 6054 preimages 41
deck 6055 preimages 16
deck 6056 preimages 33
deck 6057 preimages 14
deck 6058 preimages 18
deck 6059 preimages 10
deck 6060 preimages 45
deck 6061 preimages 1
deck 6062 preimages 28
deck 6063 preimages 24
deck 6064 preimages 5
deck 6065 preimages 9
deck 6066 preimages 57
deck 6067 preimages 114
deck 6068 preimages 44
deck 6069 preimages 24
deck 6070 preimages 15
deck 6071 preimages 13
deck 6072 preimages 20
deck 6073 preimages 61
deck 6074 preimages 15
deck 6075 preimages 69
deck 6076 preimages 30
deck 6077 preimages 163
deck 6078 preimages 21
deck 6079 preimages 22
deck 6080 preimages 6
deck 6081 preimages 8
deck 6082 preimages 21
deck 6083 preimages 20
deck 6084 preimages 6
deck 6085 preimages 4
deck 6086 preimages 25
deck 6087 preimages 58
deck 6088 preimages 80
deck 6089 preimages 6
deck 6090 preimages 25
deck 6091 preimages 20
deck 6092 preimages 2
deck 6093 preimages 33
deck 6094 preimages 26
deck 6095 preimages 55
deck 6096 preimages 10
deck 6097 preimages 5
deck 6098 preimages 12
deck 6099 preimages 48
deck 6100 preimages 11
deck 6101 preimages 80
deck 6102 preimages 5
deck 6103 preimages 6
deck 6104 preimages 7
deck 6105 preimages 34
deck 6106 preimages 46
deck 6107 preimages 48
deck 6108 preimages 59
deck 6109 preimages 34
deck 6110 preimages 28
deck 6111 preimages 40
deck 6112 preimages 25
deck 6113 preimages 57
deck 6114 preimages 56
deck 6115 preimages 89
deck 6116 preimages 5
deck 6117 preimages 14
deck 6118 preimages 8
deck 6119 preimages 16
deck 6120 preimages 11
deck 6121 preimages 18
deck 6122 preimages 6
deck 6123 preimages 4
deck 6124 preimages 70
deck 6125 preimages 5
deck 6126 preimages 4
deck 6127 preimages 6
deck 6128 preimages 21
deck 6129 preimages 22
deck 6130 preimages 165
deck 6131 preimages 3
deck 6132 preimages 14
deck 6133 preimages 22
deck 6134 preimages 39
deck 6135 preimages 32
deck 6136 preimages 29
deck 6137 preimages 17
deck 6138 preimages 36
deck 6139 preimages 24
deck 6140 preimages 39
deck 6141 preimages 5
deck 6142 preimages 5
deck 6143 preimages 7
deck 6144 preimages 19
deck 6145 preimages 2
deck 6146 preimages 10
deck 6147 preimages 17
deck 6148 preimages 13
deck 6149 preimages 42
deck 6150 preimages 8
deck 6151 preimages 20
deck 6152 preimages 74
deck 6153 preimages 35
deck 6154 preimages 25
deck 6155 preimages 128
deck 6156 preimages 1
deck 6157 preimages 29
deck 6158 preimages 4
deck 6159 preimages 2
deck 6160 preimages 6
deck 6161 preimages 8
deck 6162 preimages 5
deck 6163 preimages 22
deck 6164 preimages 2
deck 6165 preimages 7
deck 6166 preimages 15
deck 6167 preimages 3
deck 6168 preimages 8
deck 6169 preimages 31
deck 6170 preimages 3
deck 6171 preimages 16
deck 6172 preimages 11
deck 6173 preimages 49
deck 6174 preimages 21
deck 6175 preimages 51
deck 6176 preimages 95
deck 6177 preimages 23
deck 6178 preimages 11
deck 6179 preimages 22
deck 6180 preimages 34
deck 6181 preimages 73
deck 6182 preimages 72
deck 6183 preimages 19
deck 6184 preimages 18
deck 6185 preimages 7
deck 6186 preimages 22
deck 6187 preimages 5
deck 6188 preimages 11
deck 6189 preimages 70
deck 6190 preimages 9
deck 6191 preimages 2
deck 6192 preimages 51
deck 6193 preimages 130
deck 6194 preimages 33
deck 6195 preimages 16
deck 6196 preimages 9
deck 6197 preimages 66
deck 6198 preimages 30
deck 6199 preimages 27
deck 6200 preimages 48
deck 6201 preimages 6
deck 6202 preimages 15
deck 6203 preimages 11
deck 6204 preimages 19
deck 6205 preimages 119
deck 6206 preimages 10
deck 6207 preimages 168
deck 6208 preimages 36
deck 6209 preimages 7
deck 6210 preimages 6
deck 6211 preimages 10
deck 6212 preimages 27
deck 6213 preimages 38
deck 6214 preimages 7
deck 6215 preimages 58
deck 6216 preimages 9
deck 6217 preimages 25
deck 6218 preimages 52
deck 6219 preimages 36
deck 6220 preimages 46
deck 6221 preimages 14
deck 6222 preimages 2
deck 6223 preimages 39
deck 6224 preimages 29
deck 6225 preimages 37
deck 6226 preimages 21
deck 6227 preimages 15
deck 6228 preimages 79
deck 6229 preimages 29
deck 6230 preimages 20
deck 6231 preimages 1
deck 6232 preimages 20
deck 6233 preimages 7
deck 6234 preimages 22
deck 6235 preimages 17
deck 6236 preimages 52
deck 6237 preimages 19
deck 6238 preimages 22
deck 6239 preimages 18
deck 6240 preimages 24
deck 6241 preimages 15
deck 6242 preimages 13
deck 6243 preimages 18
deck 6244 preimages 22
deck 6245 preimages 18
deck 6246 preimages 4
deck 6247 preimages 15
deck 6248 preimages 11
deck 6249 preimages 43
deck 6250 preimages 65
deck 6251 preimages 43
deck 6252 preimages 6
deck 6253 preimages 3
deck 6254 preimages 17
deck 6255 preimages 72
deck 6256 preimages 12
deck 6257 preimages 15
deck 6258 preimages 37
deck 6259 preimages 28
deck 6260 preimages 74
deck 6261 preimages 36
deck 6262 preimages 22
deck 6263 preimages 15
deck 6264 preimages 12
deck 6265 preimages 20
deck 6266 preimages 21
deck 6267 preimages 13
deck 6268 preimages 9
deck 6269 preimages 28
deck 6270 preimages 16
deck 6271 preimages 22
deck 6272 preimages 21
deck 6273 preimages 7
deck 6274 preimages 5
deck 6275 preimages 4
deck 6276 preimages 80
deck 6277 preimages 41
deck 6278 preimages 14
deck 6279 preimages 97
deck 6280 preimages 11
deck 6281 preimages 41
deck 6282 preimages 6
deck 6283 preimages 11
deck 6284 preimages 24
deck 6285 preimages 64
deck 6286 preimages 29
deck 6287 preimages 26
deck 6288 preimages 19
deck 6289 preimages 9
deck 6290 preimages 20
deck 6291 preimages 35
deck 6292 preimages 28
deck 6293 preimages 26
deck 6294 preimages 4
deck 6295 preimages 68
deck 6296 preimages 35
deck 6297 preimages 11
deck 6298 preimages 3
deck 6299 preimages 27
deck 6300 preimages 3
deck 6301 preimages 28
deck 6302 preimages 22
deck 6303 preimages 47
deck 6304 preimages 10
deck 6305 preimages 58
deck 6306 preimages 3
deck 6307 preimages 6
deck 6308 preimages 17
deck 6309 preimages 21
deck 6310 preimages 20
deck 6311 preimages 33
deck 6312 preimages 11
deck 6313 preimages 65
deck 6314 preimages 4
deck 6315 preimages 28
deck 6316 preimages 11
deck 6317 preimages 7
deck 6318 preimages 41
deck 6319 preimages 20
deck 6320 preimages 22
deck 6321 preimages 11
deck 6322 preimages 19
deck 6323 preimages 10
deck 6324 preimages 25
deck 6325 preimages 12
deck 6326 preimages 16
deck 6327 preimages 3
deck 6328 preimages 20
deck 6329 preimages 33
deck 6330 preimages 67
deck 6331 preimages 4
deck 6332 preimages 72
deck 6333 preimages 28
deck 6334 preimages 15
deck 6335 preimages 10
deck 6336 preimages 4
deck 6337 preimages 7
deck 6338 preimages 10
deck 6339 preimages 44
deck 6340 preimages 7
deck 6341 preimages 66
deck 6342 preimages 97
deck 6343 preimages 10
deck 6344 preimages 6
deck 6345 preimages 4
deck 6346 preimages 1
deck 6347 preimages 16
deck 6348 preimages 32
deck 6349 preimages 11
deck 6350 preimages 11
deck 6351 preimages 7
deck 6352 preimages 23
deck 6353 preimages 55
deck 6354 preimages 80
deck 6355 preimages 7
deck 6356 preimages 16
deck 6357 preimages 20
deck 6358 preimages 15
deck 6359 preimages 27
deck 6360 preimages 1
deck 6361 preimages 47
deck 6362 preimages 44
deck 6363 preimages 38
deck 6364 preimages 38
deck 6365 preimages 15
deck 6366 preimages 4
deck 6367 preimages 81
deck 6368 preimages 6
deck 6369 preimages 22
deck 6370 preimages 6
deck 6371 preimages 32
deck 6372 preimages 6
deck 6373 preimages 30
deck 6374 preimages 6
deck 6375 preimages 35
deck 6376 preimages 11
deck 6377 preimages 67
deck 6378 preimages 24
deck 6379 preimages 3
deck 6380 preimages 31
deck 6381 preimages 58
deck 6382 preimages 39
deck 6383 preimages 17
deck 6384 preimages 12
deck 6385 preimages 20
deck 6386 preimages 7
deck 6387 preimages 20
deck 6388 preimages 51
deck 6389 preimages 13
deck 6390 preimages 128
deck 6391 preimages 10
deck 6392 preimages 6
deck 6393 preimages 10
deck 6394 preimages 27
deck 6395 preimages 25
deck 6396 preimages 45
deck 6397 preimages 6
deck 6398 preimages 49
deck 6399 preimages 14
deck 6400 preimages 81
deck 6401 preimages 42
deck 6402 preimages 54
deck 6403 preimages 8
deck 6404 preimages 15
deck 6405 preimages 8
deck 6406 preimages 3
deck 6407 preimages 10
deck 6408 preimages 29
deck 6409 preimages 20
deck 6410 preimages 15
deck 6411 preimages 35
deck 6412 preimages 19
deck 6413 preimages 7
deck 6414 preimages 13
deck 6415 preimages 35
deck 6416 preimages 7
deck 6417 preimages 38
deck 6418 preimages 23
deck 6419 preimages 22
deck 6420 preimages 34
deck 6421 preimages 1
deck 6422 preimages 4
deck 6423 preimages 65
deck 6424 preimages 30
deck 6425 preimages 41
deck 6426 preimages 11
deck 6427 preimages 37
deck 6428 preimages 13
deck 6429 preimages 10
deck 6430 preimages 31
deck 6431 preimages 17
deck 6432 preimages 23
deck 6433 preimages 11
deck 6434 preimages 34
deck 6435 preimages 2
deck 6436 preimages 15
deck 6437 preimages 54
deck 6438 preimages 32
deck 6439 preimages 23
deck 6440 preimages 5
deck 6441 preimages 6
deck 6442 preimages 15
deck 6443 preimages 5
deck 6444 preimages 43
deck 6445 preimages 14
deck 6446 preimages 8
deck 6447 preimages 20
deck 6448 preimages 4
deck 6449 preimages 22
deck 6450 preimages 4
deck 6451 preimages 10
deck 6452 preimages 3
deck 6453 preimages 112
deck 6454 preimages 21
deck 6455 preimages 67
deck 6456 preimages 4
deck 6457 preimages 14
deck 6458 preimages 71
deck 6459 preimages 25
deck 6460 preimages 90
deck 6461 preimages 41
deck 6462 preimages 5
deck 6463 preimages 21
deck 6464 preimages 18
deck 6465 preimages 10
deck 6466 preimages 120
deck 6467 preimages 19
deck 6468 preimages 14
deck 6469 preimages 60
deck 6470 preimages 3
deck 6471 preimages 19
deck 6472 preimages 14
deck 6473 preimages 6
deck 6474 preimages 48
deck 6475 preimages 17
deck 6476 preimages 47
deck 6477 preimages 24
deck 6478 preimages 12
deck 6479 preimages 7
deck 6480 preimages 15
deck 6481 preimages 9
deck 6482 preimages 10
deck 6483 preimages 9
deck 6484 preimages 9
deck 6485 preimages 12
deck 6486 preimages 80
deck 6487 preimages 14
deck 6488 preimages 72
deck 6489 preimages 22
deck 6490 preimages 28
deck 6491 preimages 18
deck 6492 preimages 11
deck 6493 preimages 34
deck 6494 preimages 43
deck 6495 preimages 6
deck 6496 preimages 18
deck 6497 preimages 13
deck 6498 preimages 79
deck 6499 preimages 11
deck 6500 preimages 23
deck 6501 preimages 8
deck 6502 preimages 1
deck 6503 preimages 18
deck 6504 preimages 22
deck 6505 preimages 4
deck 6506 preimages 37
deck 6507 preimages 11
deck 6508 preimages 14
deck 6509 preimages 41
deck 6510 preimages 24
deck 6511 preimages 3
deck 6512 preimages 21
deck 6513 preimages 7
deck 6514 preimages 38
deck 6515 preimages 8
deck 6516 preimages 25
deck 6517 preimages 13
deck 6518 preimages 9
deck 6519 preimages 14
deck 6520 preimages 35
deck 6521 preimages 17
deck 6522 preimages 36
deck 6523 preimages 36
deck 6524 preimages 28
deck 6525 preimages 9
deck 6526 preimages 13
deck 6527 preimages 68
deck 6528 preimages 13
deck 6529 preimages 21
deck 6530 preimages 13
deck 6531 preimages 60
deck 6532 preimages 42
deck 6533 preimages 65
deck 6534 preimages 81
deck 6535 preimages 9
deck 6536 preimages 18
deck 6537 preimages 57
deck 6538 preimages 26
deck 6539 preimages 48
deck 6540 preimages 8
deck 6541 preimages 15
deck 6542 preimages 9
deck 6543 preimages 35
deck 6544 preimages 56
deck 6545 preimages 22
deck 6546 preimages 25
deck 6547 preimages 20
deck 6548 preimages 71
deck 6549 preimages 8
deck 6550 preimages 26
deck 6551 preimages 20
deck 6552 preimages 43
deck 6553 preimages 10
deck 6554 preimages 6
deck 6555 preimages 88
deck 6556 preimages 16
deck 6557 preimages 2
deck 6558 preimages 11
deck 6559 preimages 35
deck 6560 preimages 7
deck 6561 preimages 13
deck 6562 preimages 1
deck 6563 preimages 6
deck 6564 preimages 33
deck 6565 preimages 39
deck 6566 preimages 6
deck 6567 preimages 15
deck 6568 preimages 21
deck 6569 preimages 2
deck 6570 preimages 69
deck 6571 preimages 15
deck 6572 preimages 10
deck 6573 preimages 101
deck 6574 preimages 34
deck 6575 preimages 8
deck 6576 preimages 4
deck 6577 preimages 19
deck 6578 preimages 5
deck 6579 preimages 33
deck 6580 preimages 26
deck 6581 preimages 19
deck 6582 preimages 7
deck 6583 preimages 5
deck 6584 preimages 21
deck 6585 preimages 26
deck 6586 preimages 145
deck 6587 preimages 39
deck 6588 preimages 14
deck 6589 preimages 80
deck 6590 preimages 65
deck 6591 preimages 20
deck 6592 preimages 171
deck 6593 preimages 44
deck 6594 preimages 23
deck 6595 preimages 11
deck 6596 preimages 15
deck 6597 preimages 22
deck 6598 preimages 14
deck 6599 preimages 65
deck 6600 preimages 19
deck 6601 preimages 35
deck 6602 preimages 11
deck 6603 preimages 15
deck 6604 preimages 71
deck 6605 preimages 2
deck 6606 preimages 60
deck 6607 preimages 6
deck 6608 preimages 15
deck 6609 preimages 31
deck 6610 preimages 27
deck 6611 preimages 4
deck 6612 preimages 41
deck 6613 preimages 28
deck 6614 preimages 15
deck 6615 preimages 10
deck 6616 preimages 4
deck 6617 preimages 10
deck 6618 preimages 23
deck 6619 preimages 71
deck 6620 preimages 11
deck 6621 preimages 23
deck 6622 preimages 36
deck 6623 preimages 4
deck 6624 preimages 17
deck 6625 preimages 17
deck 6626 preimages 31
deck 6627 preimages 40
deck 6628 preimages 18
deck 6629 preimages 5
deck 6630 preimages 34
deck 6631 preimages 15
deck 6632 preimages 9
deck 6633 preimages 6
deck 6634 preimages 22
deck 6635 preimages 34
deck 6636 preimages 132
deck 6637 preimages 66
deck 6638 preimages 56
deck 6639 preimages 11
deck 6640 preimages 13
deck 6641 preimages 21
deck 6642 preimages 6
deck 6643 preimages 26
deck 6644 preimages 30
deck 6645 preimages 31
deck 6646 preimages 36
deck 6647 preimages 12
deck 6648 preimages 20
deck 6649 preimages 43
deck 6650 preimages 16
deck 6651 preimages 4
deck 6652 preimages 27
deck 6653 preimages 11
deck 6654 preimages 81
deck 6655 preimages 33
deck 6656 preimages 6
deck 6657 preimages 14
deck 6658 preimages 19
deck 6659 preimages 51
deck 6660 preimages 71
deck 6661 preimages 16
deck 6662 preimages 5
deck 6663 preimages 36
deck 6664 preimages 19
deck 6665 preimages 15
deck 6666 preimages 1
deck 6667 preimages 11
deck 6668 preimages 40
deck 6669 preimages 58
deck 6670 preimages 7
deck 6671 preimages 64
deck 6672 preimages 29
deck 6673 preimages 12
deck 6674 preimages 8
deck 6675 preimages 8
deck 6676 preimages 90
deck 6677 preimages 48
deck 6678 preimages 24
deck 6679 preimages 15
deck 6680 preimages 11
deck 6681 preimages 11
deck 6682 preimages 4
deck 6683 preimages 12
deck 6684 preimages 8
deck 6685 preimages 22
deck 6686 preimages 16
deck 6687 preimages 10
deck 6688 preimages 21
deck 6689 preimages 11
deck 6690 preimages 29
deck 6691 preimages 2
deck 6692 preimages 79
deck 6693 preimages 50
deck 6694 preimages 8
deck 6695 preimages 12
deck 6696 preimages 26
deck 6697 preimages 46
deck 6698 preimages 16
deck 6699 preimages 16
deck 6700 preimages 19
deck 6701 preimages 18
deck 6702 preimages 8
deck 6703 preimages 6
deck 6704 preimages 12
deck 6705 preimages 37
deck 6706 preimages 63
deck 6707 preimages 16
deck 6708 preimages 23
deck 6709 preimages 2
deck 6710 preimages 11
deck 6711 preimages 16
deck 6712 preimages 14
deck 6713 preimages 58
deck 6714 preimages 4
deck 6715 preimages 9
deck 6716 preimages 13
deck 6717 preimages 49
deck 6718 preimages 15
deck 6719 preimages 19
deck 6720 preimages 36
deck 6721 preimages 13
deck 6722 preimages 12
deck 6723 preimages 21
deck 6724 preimages 39
deck 6725 preimages 9
deck 6726 preimages 7
deck 6727 preimages 13
deck 6728 preimages 25
deck 6729 preimages 14
deck 6730 preimages 47
deck 6731 preimages 8
deck 6732 preimages 27
deck 6733 preimages 25
deck 6734 preimages 4
deck 6735 preimages 4
deck 6736 preimages 127
deck 6737 preimages 22
deck 6738 preimages 44
deck 6739 preimages 92
deck 6740 preimages 28
deck 6741 preimages 74
deck 6742 preimages 5
deck 6743 preimages 5
deck 6744 preimages 23
deck 6745 preimages 45
deck 6746 preimages 45
deck 6747 preimages 7
deck 6748 preimages 46
deck 6749 preimages 47
deck 6750 preimages 3
deck 6751 preimages 53
deck 6752 preimages 34
deck 6753 preimages 23
deck 6754 preimages 38
deck 6755 preimages 22
deck 6756 preimages 39
deck 6757 preimages 5
deck 6758 preimages 6
deck 6759 preimages 3
deck 6760 preimages 8
deck 6761 preimages 12
deck 6762 preimages 7
deck 6763 preimages 24
deck 6764 preimages 13
deck 6765 preimages 22
deck 6766 preimages 40
deck 6767 preimages 14
deck 6768 preimages 67
deck 6769 preimages 20
deck 6770 preimages 6
deck 6771 preimages 12
deck 6772 preimages 18
deck 6773 preimages 4
deck 6774 preimages 29
deck 6775 preimages 14
deck 6776 preimages 18
deck 6777 preimages 50
deck 6778 preimages 5
deck 6779 preimages 59
deck 6780 preimages 15
deck 6781 preimages 21
deck 6782 preimages 16
deck 6783 preimages 15
deck 6784 preimages 22
deck 6785 preimages 4
deck 6786 preimages 22
deck 6787 preimages 13
deck 6788 preimages 1
deck 6789 preimages 8
deck 6790 preimages 15
deck 6791 preimages 63
deck 6792 preimages 10
deck 6793 preimages 33
deck 6794 preimages 30
deck 6795 preimages 6
deck 6796 preimages 12
deck 6797 preimages 61
deck 6798 preimages 12
deck 6799 preimages 53
deck 6800 preimages 7
deck 6801 preimages 18
deck 6802 preimages 46
deck 6803 preimages 11
deck 6804 preimages 39
deck 6805 preimages 21
deck 6806 preimages 12
deck 6807 preimages 23
deck 6808 preimages 14
deck 6809 preimages 13
deck 6810 preimages 42
deck 6811 preimages 34
deck 6812 preimages 27
deck 6813 preimages 6
deck 6814 preimages 22
deck 6815 preimages 16
deck 6816 preimages 95
deck 6817 preimages 3
deck 6818 preimages 53
deck 6819 preimages 9
deck 6820 preimages 36
deck 6821 preimages 24
deck 6822 preimages 24
deck 6823 preimages 60
deck 6824 preimages 8
deck 6825 preimages 17
deck 6826 preimages 2
deck 6827 preimages 25
deck 6828 preimages 36
deck 6829 preimages 33
deck 6830 preimages 3
deck 6831 preimages 56
deck 6832 preimages 25
deck 6833 preimages 16
deck 6834 preimages 34
deck 6835 preimages 75
deck 6836 preimages 7
deck 6837 preimages 47
deck 6838 preimages 32
deck 6839 preimages 36
deck 6840 preimages 46
deck 6841 preimages 9
deck 6842 preimages 9
deck 6843 preimages 32
deck 6844 preimages 7
deck 6845 preimages 23
deck 6846 preimages 2
deck 6847 preimages 5
deck 6848 preimages 12
deck 6849 preimages 27
deck 6850 preimages 43
deck 6851 preimages 37
deck 6852 preimages 73
deck 6853 preimages 3
deck 6854 preimages 9
deck 6855 preimages 16
deck 6856 preimages 17
deck 6857 preimages 14
deck 6858 preimages 40
deck 6859 preimages 65
deck 6860 preimages 156
deck 6861 preimages 9
deck 6862 preimages 95
deck 6863 preimages 45
deck 6864 preimages 48
deck 6865 preimages 9
deck 6866 preimages 60
deck 6867 preimages 39
deck 6868 preimages 23
deck 6869 preimages 21
deck 6870 preimages 26
deck 6871 preimages 45
deck 6872 preimages 7
deck 6873 preimages 15
deck 6874 preimages 2
deck 6875 preimages 10
deck 6876 preimages 66
deck 6877 preimages 110
deck 6878 preimages 32
deck 6879 preimages 2
deck 6880 preimages 16
deck 6881 preimages 66
deck 6882 preimages 35
deck 6883 preimages 72
deck 6884 preimages 24
deck 6885 preimages 12
deck 6886 preimages 1
deck 6887 preimages 29
deck 6888 preimages 46
deck 6889 preimages 22
deck 6890 preimages 4
deck 6891 preimages 2
deck 6892 preimages 77
deck 6893 preimages 3
deck 6894 preimages 15
deck 6895 preimages 7
deck 6896 preimages 63
deck 6897 preimages 13
deck 6898 preimages 31
deck 6899 preimages 12
deck 6900 preimages 29
deck 6901 preimages 6
deck 6902 preimages 16
deck 6903 preimages 14
deck 6904 preimages 4
deck 6905 preimages 19
deck 6906 preimages 50
deck 6907 preimages 18
deck 6908 preimages 26
deck 6909 preimages 52
deck 6910 preimages 12
deck 6911 preimages 32
deck 6912 preimages 25
deck 6913 preimages 29
deck 6914 preimages 3
deck 6915 preimages 8
deck 6916 preimages 3
deck 6917 preimages 45
deck 6918 preimages 8
deck 6919 preimages 7
deck 6920 preimages 24
deck 6921 preimages 17
deck 6922 preimages 17
deck 6923 preimages 29
deck 6924 preimages 68
deck 6925 preimages 73
deck 6926 preimages 18
deck 6927 preimages 29
deck 6928 preimages 8
deck 6929 preimages 17
deck 6930 preimages 42
deck 6931 preimages 6
deck 6932 preimages 23
deck 6933 preimages 74
deck 6934 preimages 8
deck 6935 preimages 25
deck 6936 preimages 4
deck 6937 preimages 11
deck 6938 preimages 13
deck 6939 preimages 73
deck 6940 preimages 25
deck 6941 preimages 11
deck 6942 preimages 16
deck 6943 preimages 20
deck 6944 preimages 25
deck 6945 preimages 53
deck 6946 preimages 15
deck 6947 preimages 41
deck 6948 preimages 40
deck 6949 preimages 19
deck 6950 preimages 32
deck 6951 preimages 20
deck 6952 preimages 15
deck 6953 preimages 3
deck 6954 preimages 3
deck 6955 preimages 5
deck 6956 preimages 9
deck 6957 preimages 91
deck 6958 preimages 60
deck 6959 preimages 29
deck 6960 preimages 15
deck 6961 preimages 20
deck 6962 preimages 32
deck 6963 preimages 11
deck 6964 preimages 27
deck 6965 preimages 10
deck 6966 preimages 106
deck 6967 preimages 6
deck 6968 preimages 24
deck 6969 preimages 44
deck 6970 preimages 58
deck 6971 preimages 8
deck 6972 preimages 14
deck 6973 preimages 16
deck 6974 preimages 16
deck 6975 preimages 7
deck 6976 preimages 22
deck 6977 preimages 16
deck 6978 preimages 2
deck 6979 preimages 32
deck 6980 preimages 21
deck 6981 preimages 49
deck 6982 preimages 10
deck 6983 preimages 11
deck 6984 preimages 4
deck 6985 preimages 17
deck 6986 preimages 75
deck 6987 preimages 17
deck 6988 preimages 29
deck 6989 preimages 7
deck 6990 preimages 26
deck 6991 preimages 64
deck 6992 preimages 9
deck 6993 preimages 24
deck 6994 preimages 45
deck 6995 preimages 14
deck 6996 preimages 14
deck 6997 preimages 18
deck 6998 preimages 21
deck 6999 preimages 78
deck 7000 preimages 5
deck 7001 preimages 17
deck 7002 preimages 7
deck 7003 preimages 78
deck 7004 preimages 17
deck 7005 preimages 87
deck 7006 preimages 11
deck 7007 preimages 8
deck 7008 preimages 13
deck 7009 preimages 16
deck 7010 preimages 38
deck 7011 preimages 15
deck 7012 preimages 4
deck 7013 preimages 26
deck 7014 preimages 18
deck 7015 preimages 1
deck 7016 preimages 11
deck 7017 preimages 12
deck 7018 preimages 32
deck 7019 preimages 56
deck 7020 preimages 8
deck 7021 preimages 11
deck 7022 preimages 37
deck 7023 preimages 8
deck 7024 preimages 11
deck 7025 preimages 89
deck 7026 preimages 15
deck 7027 preimages 35
deck 7028 preimages 9
deck 7029 preimages 8
deck 7030 preimages 12
deck 7031 preimages 11
deck 7032 preimages 17
deck 7033 preimages 11
deck 7034 preimages 21
deck 7035 preimages 23
deck 7036 preimages 12
deck 7037 preimages 4
deck 7038 preimages 19
deck 7039 preimages 20
deck 7040 preimages 84
deck 7041 preimages 12
deck 7042 preimages 17
deck 7043 preimages 30
deck 7044 preimages 22
deck 7045 preimages 12
deck 7046 preimages 57
deck 7047 preimages 15
deck 7048 preimages 46
deck 7049 preimages 49
deck 7050 preimages 12
deck 7051 preimages 87
deck 7052 preimages 7
deck 7053 preimages 6
deck 7054 preimages 10
deck 7055 preimages 60
deck 7056 preimages 37
deck 7057 preimages 57
deck 7058 preimages 2
deck 7059 preimages 6
deck 7060 preimages 23
deck 7061 preimages 30
deck 7062 preimages 13
deck 7063 preimages 7
deck 7064 preimages 4
deck 7065 preimages 9
deck 7066 preimages 34
deck 7067 preimages 11
deck 7068 preimages 28
deck 7069 preimages 14
deck 7070 preimages 47
deck 7071 preimages 21
deck 7072 preimages 24
deck 7073 preimages 23
deck 7074 preimages 17
deck 7075 preimages 16
deck 7076 preimages 2
deck 7077 preimages 8
deck 7078 preimages 38
deck 7079 preimages 10
deck 7080 preimages 5
deck 7081 preimages 32
deck 7082 preimages 15
deck 7083 preimages 14
deck 7084 preimages 5
deck 7085 preimages 7
deck 7086 preimages 43
deck 7087 preimages 30
deck 7088 preimages 11
deck 7089 preimages 17
deck 7090 preimages 39
deck 7091 preimages 13
deck 7092 preimages 12
deck 7093 preimages 39
deck 7094 preimages 5
deck 7095 preimages 10
deck 7096 preimages 53
deck 7097 preimages 1
deck 7098 preimages 38
deck 7099 preimages 7
deck 7100 preimages 7
deck 7101 preimages 23
deck 7102 preimages 67
deck 7103 preimages 16
deck 7104 preimages 8
deck 7105 preimages 1
deck 7106 preimages 89
deck 7107 preimages 14
deck 7108 preimages 51
deck 7109 preimages 34
deck 7110 preimages 50
deck 7111 preimages 15
deck 7112 preimages 14
deck 7113 preimages 20
deck 7114 preimages 31
deck 7115 preimages 30
deck 7116 preimages 30
deck 7117 preimages 22
deck 7118 preimages 17
deck 7119 preimages 9
deck 7120 preimages 34
deck 7121 preimages 29
deck 7122 preimages 21
deck 7123 preimages 1
deck 7124 preimages 18
deck 7125 preimages 26
deck 7126 preimages 16
deck 7127 preimages 14
deck 7128 preimages 9
deck 7129 preimages 32
deck 7130 preimages 36
deck 7131 preimages 19
deck 7132 preimages 11
deck 7133 preimages 28
deck 7134 preimages 8
deck 7135 preimages 42
deck 7136 preimages 25
deck 7137 preimages 23
deck 7138 preimages 11
deck 7139 preimages 14
deck 7140 preimages 38
deck 7141 preimages 40
deck 7142 preimages 45
deck 7143 preimages 33
deck 7144 preimages 36
deck 7145 preimages 14
deck 7146 preimages 10
deck 7147 preimages 19
deck 7148 preimages 21
deck 7149 preimages 19
deck 7150 preimages 26
deck 7151 preimages 54
deck 7152 preimages 29
deck 7153 preimages 41
deck 7154 preimages 36
deck 7155 preimages 6
deck 7156 preimages 32
deck 7157 preimages 26
deck 7158 preimages 56
deck 7159 preimages 28
deck 7160 preimages 6
deck 7161 preimages 21
deck 7162 preimages 70
deck 7163 preimages 61
deck 7164 preimages 49
deck 7165 preimages 3
deck 7166 preimages 50
deck 7167 preimages 33
deck 7168 preimages 37
deck 7169 preimages 9
deck 7170 preimages 18
deck 7171 preimages 6
deck 7172 preimages 52
deck 7173 preimages 31
deck 7174 preimages 9
deck 7175 preimages 31
deck 7176 preimages 4
deck 7177 preimages 17
deck 7178 preimages 26
deck 7179 preimages 3
deck 7180 preimages 5
deck 7181 preimages 67
deck 7182 preimages 20
deck 7183 preimages 15
deck 7184 preimages 15
deck 7185 preimages 12
deck 7186 preimages 26
deck 7187 preimages 14
deck 7188 preimages 16
deck 7189 preimages 56
deck 7190 preimages 11
deck 7191 preimages 58
deck 7192 preimages 10
deck 7193 preimages 15
deck 7194 preimages 11
deck 7195 preimages 25
deck 7196 preimages 6
deck 7197 preimages 34
deck 7198 preimages 34
deck 7199 preimages 13
deck 7200 preimages 53
deck 7201 preimages 4
deck 7202 preimages 55
deck 7203 preimages 60
deck 7204 preimages 4
deck 7205 preimages 42
deck 7206 preimages 16
deck 7207 preimages 11
deck 7208 preimages 6
deck 7209 preimages 21
deck 7210 preimages 31
deck 7211 preimages 17
deck 7212 preimages 13
deck 7213 preimages 12
deck 7214 preimages 20
deck 7215 preimages 53
deck 7216 preimages 22
deck 7217 preimages 2
deck 7218 preimages 40
deck 7219 preimages 47
deck 7220 preimages 78
deck 7221 preimages 43
deck 7222 preimages 24
deck 7223 preimages 13
deck 7224 preimages 17
deck 7225 preimages 30
deck 7226 preimages 17
deck 7227 preimages 36
deck 7228 preimages 66
deck 7229 preimages 2
deck 7230 preimages 57
deck 7231 preimages 21
deck 7232 preimages 27
deck 7233 preimages 15
deck 7234 preimages 16
deck 7235 preimages 22
deck 7236 preimages 9
deck 7237 preimages 9
deck 7238 preimages 72
deck 7239 preimages 15
deck 7240 preimages 5
deck 7241 preimages 67
deck 7242 preimages 23
deck 7243 preimages 63
deck 7244 preimages 7
deck 7245 preimages 6
deck 7246 preimages 81
deck 7247 preimages 17
deck 7248 preimages 11
deck 7249 preimages 21
deck 7250 preimages 24
deck 7251 preimages 4
deck 7252 preimages 11
deck 7253 preimages 60
deck 7254 preimages 94
deck 7255 preimages 2
deck 7256 preimages 19
deck 7257 preimages 41
deck 7258 preimages 14
deck 7259 preimages 85
deck 7260 preimages 70
deck 7261 preimages 13
deck 7262 preimages 15
deck 7263 preimages 131
deck 7264 preimages 74
deck 7265 preimages 3
deck 7266 preimages 16
deck 7267 preimages 28
deck 7268 preimages 10
deck 7269 preimages 23
deck 7270 preimages 9
deck 7271 preimages 59
deck 7272 preimages 103
deck 7273 preimages 17
deck 7274 preimages 6
deck 7275 preimages 8
deck 7276 preimages 20
deck 7277 preimages 37
deck 7278 preimages 95
deck 7279 preimages 36
deck 7280 preimages 14
deck 7281 preimages 11
deck 7282 preimages 3
deck 7283 preimages 39
deck 7284 preimages 10
deck 7285 preimages 14
deck 7286 preimages 4
deck 7287 preimages 42
deck 7288 preimages 98
deck 7289 preimages 2
deck 7290 preimages 9
deck 7291 preimages 20
deck 7292 preimages 2
deck 7293 preimages 10
deck 7294 preimages 28
deck 7295 preimages 10
deck 7296 preimages 15
deck 7297 preimages 17
deck 7298 preimages 6
deck 7299 preimages 16
deck 7300 preimages 23
deck 7301 preimages 32
deck 7302 preimages 17
deck 7303 preimages 63
deck 7304 preimages 8
deck 7305 preimages 33
deck 7306 preimages 21
deck 7307 preimages 27
deck 7308 preimages 24
deck 7309 preimages 23
deck 7310 preimages 14
deck 7311 preimages 16
deck 7312 preimages 32
deck 7313 preimages 7
deck 7314 preimages 8
deck 7315 preimages 15
deck 7316 preimages 11
deck 7317 preimages 27
deck 7318 preimages 6
deck 7319 preimages 11
deck 7320 preimages 6
deck 7321 preimages 75
deck 7322 preimages 22
deck 7323 preimages 37
deck 7324 preimages 9
deck 7325 preimages 9
deck 7326 preimages 14
deck 7327 preimages 9
deck 7328 preimages 14
deck 7329 preimages 14
deck 7330 preimages 42
deck 7331 preimages 58
deck 7332 preimages 13
deck 7333 preimages 4
deck 7334 preimages 77
deck 7335 preimages 21
deck 7336 preimages 47
deck 7337 preimages 9
deck 7338 preimages 20
deck 7339 preimages 26
deck 7340 preimages 41
deck 7341 preimages 48
deck 7342 preimages 3
deck 7343 preimages 35
deck 7344 preimages 5
deck 7345 preimages 14
deck 7346 preimages 14
deck 7347 preimages 27
deck 7348 preimages 17
deck 7349 preimages 37
deck 7350 preimages 33
deck 7351 preimages 20
deck 7352 preimages 6
deck 7353 preimages 84
deck 7354 preimages 28
deck 7355 preimages 8
deck 7356 preimages 22
deck 7357 preimages 13
deck 7358 preimages 92
deck 7359 preimages 13
deck 7360 preimages 6
deck 7361 preimages 25
deck 7362 preimages 25
deck 7363 preimages 6
deck 7364 preimages 142
deck 7365 preimages 5
deck 7366 preimages 39
deck 7367 preimages 11
deck 7368 preimages 24
deck 7369 preimages 14
deck 7370 preimages 40
deck 7371 preimages 5
deck 7372 preimages 12
deck 7373 preimages 11
deck 7374 preimages 17
deck 7375 preimages 11
deck 7376 preimages 26
deck 7377 preimages 20
deck 7378 preimages 11
deck 7379 preimages 27
deck 7380 preimages 11
deck 7381 preimages 10
deck 7382 preimages 13
deck 7383 preimages 77
deck 7384 preimages 16
deck 7385 preimages 54
deck 7386 preimages 2
deck 7387 preimages 4
deck 7388 preimages 19
deck 7389 preimages 20
deck 7390 preimages 19
deck 7391 preimages 136
deck 7392 preimages 18
deck 7393 preimages 10
deck 7394 preimages 42
deck 7395 preimages 48
deck 7396 preimages 47
deck 7397 preimages 28
deck 7398 preimages 15
deck 7399 preimages 26
deck 7400 preimages 9
deck 7401 preimages 14
deck 7402 preimages 21
deck 7403 preimages 76
deck 7404 preimages 28
deck 7405 preimages 4
deck 7406 preimages 6
deck 7407 preimages 18
deck 7408 preimages 5
deck 7409 preimages 6
deck 7410 preimages 6
deck 7411 preimages 65
deck 7412 preimages 9
deck 7413 preimages 10
deck 7414 preimages 25
deck 7415 preimages 35
deck 7416 preimages 52
deck 7417 preimages 6
deck 7418 preimages 9
deck 7419 preimages 19
deck 7420 preimages 20
deck 7421 preimages 34
deck 7422 preimages 48
deck 7423 preimages 17
deck 7424 preimages 42
deck 7425 preimages 6
deck 7426 preimages 55
deck 7427 preimages 10
deck 7428 preimages 19
deck 7429 preimages 21
deck 7430 preimages 150
deck 7431 preimages 20
deck 7432 preimages 30
deck 7433 preimages 43
deck 7434 preimages 37
deck 7435 preimages 19
deck 7436 preimages 15
deck 7437 preimages 10
deck 7438 preimages 14
deck 7439 preimages 12
deck 7440 preimages 6
deck 7441 preimages 5
deck 7442 preimages 24
deck 7443 preimages 34
deck 7444 preimages 3
deck 7445 preimages 157
deck 7446 preimages 43
deck 7447 preimages 46
deck 7448 preimages 17
deck 7449 preimages 11
deck 7450 preimages 30
deck 7451 preimages 11
deck 7452 preimages 33
deck 7453 preimages 88
deck 7454 preimages 19
deck 7455 preimages 18
deck 7456 preimages 30
deck 7457 preimages 25
deck 7458 preimages 47
deck 7459 preimages 9
deck 7460 preimages 44
deck 7461 preimages 16
deck 7462 preimages 19
deck 7463 preimages 12
deck 7464 preimages 33
deck 7465 preimages 25
deck 7466 preimages 31
deck 7467 preimages 40
deck 7468 preimages 28
deck 7469 preimages 21
deck 7470 preimages 41
deck 7471 preimages 75
deck 7472 preimages 19
deck 7473 preimages 17
deck 7474 preimages 31
deck 7475 preimages 53
deck 7476 preimages 12
deck 7477 preimages 11
deck 7478 preimages 8
deck 7479 preimages 3
deck 7480 preimages 6
deck 7481 preimages 29
deck 7482 preimages 16
deck 7483 preimages 22
deck 7484 preimages 21
deck 7485 preimages 4
deck 7486 preimages 25
deck 7487 preimages 13
deck 7488 preimages 36
deck 7489 preimages 23
deck 7490 preimages 13
deck 7491 preimages 23
deck 7492 preimages 13
deck 7493 preimages 9
deck 7494 preimages 13
deck 7495 preimages 98
deck 7496 preimages 9
deck 7497 preimages 4
deck 7498 preimages 27
deck 7499 preimages 8
deck 7500 preimages 8
deck 7501 preimages 31
deck 7502 preimages 11
deck 7503 preimages 8
deck 7504 preimages 25
deck 7505 preimages 10
deck 7506 preimages 24
deck 7507 preimages 88
deck 7508 preimages 38
deck 7509 preimages 5
deck 7510 preimages 2
deck 7511 preimages 4
deck 7512 preimages 4
deck 7513 preimages 19
deck 7514 preimages 9
deck 7515 preimages 35
deck 7516 preimages 11
deck 7517 preimages 15
deck 7518 preimages 19
deck 7519 preimages 30
deck 7520 preimages 15
deck 7521 preimages 17
deck 7522 preimages 11
deck 7523 preimages 11
deck 7524 preimages 9
deck 7525 preimages 52
deck 7526 preimages 21
deck 7527 preimages 9
deck 7528 preimages 20
deck 7529 preimages 10
deck 7530 preimages 16
deck 7531 preimages 17
deck 7532 preimages 3
deck 7533 preimages 29
deck 7534 preimages 7
deck 7535 preimages 12
deck 7536 preimages 22
deck 7537 preimages 35
deck 7538 preimages 18
deck 7539 preimages 23
deck 7540 preimages 99
deck 7541 preimages 42
deck 7542 preimages 5
deck 7543 preimages 31
deck 7544 preimages 1
deck 7545 preimages 6
deck 7546 preimages 34
deck 7547 preimages 9
deck 7548 preimages 40
deck 7549 preimages 15
deck 7550 preimages 30
deck 7551 preimages 32
deck 7552 preimages 15
deck 7553 preimages 6
deck 7554 preimages 16
deck 7555 preimages 87
deck 7556 preimages 17
deck 7557 preimages 9
deck 7558 preimages 14
deck 7559 preimages 12
deck 7560 preimages 11
deck 7561 preimages 19
deck 7562 preimages 17
deck 7563 preimages 41
deck 7564 preimages 55
deck 7565 preimages 14
deck 7566 preimages 5
deck 7567 preimages 69
deck 7568 preimages 24
deck 7569 preimages 25
deck 7570 preimages 5
deck 7571 preimages 10
deck 7572 preimages 18
deck 7573 preimages 12
deck 7574 preimages 56
deck 7575 preimages 18
deck 7576 preimages 21
deck 7577 preimages 11
deck 7578 preimages 22
deck 7579 preimages 17
deck 7580 preimages 48
deck 7581 preimages 14
deck 7582 preimages 5
deck 7583 preimages 22
deck 7584 preimages 24
deck 7585 preimages 56
deck 7586 preimages 11
deck 7587 preimages 28
deck 7588 preimages 11
deck 7589 preimages 37
deck 7590 preimages 16
deck 7591 preimages 11
deck 7592 preimages 11
deck 7593 preimages 23
deck 7594 preimages 6
deck 7595 preimages 40
deck 7596 preimages 25
deck 7597 preimages 73
deck 7598 preimages 12
deck 7599 preimages 5
deck 7600 preimages 17
deck 7601 preimages 27
deck 7602 preimages 2
deck 7603 preimages 19
deck 7604 preimages 12
deck 7605 preimages 15
deck 7606 preimages 11
deck 7607 preimages 48
deck 7608 preimages 41
deck 7609 preimages 62
deck 7610 preimages 6
deck 7611 preimages 22
deck 7612 preimages 43
deck 7613 preimages 24
deck 7614 preimages 26
deck 7615 preimages 13
deck 7616 preimages 16
deck 7617 preimages 16
deck 7618 preimages 3
deck 7619 preimages 6
deck 7620 preimages 31
deck 7621 preimages 12
deck 7622 preimages 6
deck 7623 preimages 16
deck 7624 preimages 100
deck 7625 preimages 34
deck 7626 preimages 20
deck 7627 preimages 17
deck 7628 preimages 6
deck 7629 preimages 23
deck 7630 preimages 42
deck 7631 preimages 144
deck 7632 preimages 20
deck 7633 preimages 13
deck 7634 preimages 40
deck 7635 preimages 19
deck 7636 preimages 11
deck 7637 preimages 21
deck 7638 preimages 96
deck 7639 preimages 45
deck 7640 preimages 28
deck 7641 preimages 11
deck 7642 preimages 34
deck 7643 preimages 22
deck 7644 preimages 9
deck 7645 preimages 28
deck 7646 preimages 34
deck 7647 preimages 5
deck 7648 preimages 1
deck 7649 preimages 37
deck 7650 preimages 9
deck 7651 preimages 25
deck 7652 preimages 98
deck 7653 preimages 2
deck 7654 preimages 25
deck 7655 preimages 21
deck 7656 preimages 9
deck 7657 preimages 136
deck 7658 preimages 40
deck 7659 preimages 8
deck 7660 preimages 5
deck 7661 preimages 14
deck 7662 preimages 53
deck 7663 preimages 10
deck 7664 preimages 20
deck 7665 preimages 24
deck 7666 preimages 11
deck 7667 preimages 14
deck 7668 preimages 5
deck 7669 preimages 8
deck 7670 preimages 62
deck 7671 preimages 5
deck 7672 preimages 51
deck 7673 preimages 40
deck 7674 preimages 35
deck 7675 preimages 36
deck 7676 preimages 35
deck 7677 preimages 23
deck 7678 preimages 29
deck 7679 preimages 62
deck 7680 preimages 11
deck 7681 preimages 18
deck 7682 preimages 36
deck 7683 preimages 5
deck 7684 preimages 64
deck 7685 preimages 27
deck 7686 preimages 97
deck 7687 preimages 97
deck 7688 preimages 13
deck 7689 preimages 46
deck 7690 preimages 40
deck 7691 preimages 24
deck 7692 preimages 2
deck 7693 preimages 32
deck 7694 preimages 4
deck 7695 preimages 74
deck 7696 preimages 75
deck 7697 preimages 14
deck 7698 preimages 41
deck 7699 preimages 11
deck 7700 preimages 12
deck 7701 preimages 16
deck 7702 preimages 47
deck 7703 preimages 5
deck 7704 preimages 59
deck 7705 preimages 135
deck 7706 preimages 7
deck 7707 preimages 21
deck 7708 preimages 14
deck 7709 preimages 5
deck 7710 preimages 10
deck 7711 preimages 6
deck 7712 preimages 5
deck 7713 preimages 4
deck 7714 preimages 18
deck 7715 preimages 11
deck 7716 preimages 6
deck 7717 preimages 17
deck 7718 preimages 30
deck 7719 preimages 27
deck 7720 preimages 75
deck 7721 preimages 28
deck 7722 preimages 71
deck 7723 preimages 29
deck 7724 preimages 4
deck 7725 preimages 34
deck 7726 preimages 19
deck 7727 preimages 16
deck 7728 preimages 46
deck 7729 preimages 15
deck 7730 preimages 15
deck 7731 preimages 17
deck 7732 preimages 24
deck 7733 preimages 5
deck 7734 preimages 17
deck 7735 preimages 26
deck 7736 preimages 49
deck 7737 preimages 23
deck 7738 preimages 16
deck 7739 preimages 10
deck 7740 preimages 14
deck 7741 preimages 5
deck 7742 preimages 12
deck 7743 preimages 6
deck 7744 preimages 67
deck 7745 preimages 20
deck 7746 preimages 36
deck 7747 preimages 29
deck 7748 preimages 13
deck 7749 preimages 10
deck 7750 preimages 8
deck 7751 preimages 18
deck 7752 preimages 8
deck 7753 preimages 33
deck 7754 preimages 56
deck 7755 preimages 69
deck 7756 preimages 12
deck 7757 preimages 11
deck 7758 preimages 52
deck 7759 preimages 7
deck 7760 preimages 7
deck 7761 preimages 58
deck 7762 preimages 32
deck 7763 preimages 38
deck 7764 preimages 10
deck 7765 preimages 15
deck 7766 preimages 18
deck 7767 preimages 6
deck 7768 preimages 30
deck 7769 preimages 134
deck 7770 preimages 47
deck 7771 preimages 9
deck 7772 preimages 1
deck 7773 preimages 28
deck 7774 preimages 37
deck 7775 preimages 29
deck 7776 preimages 71
deck 7777 preimages 22
deck 7778 preimages 16
deck 7779 preimages 23
deck 7780 preimages 59
deck 7781 preimages 35
deck 7782 preimages 13
deck 7783 preimages 6
deck 7784 preimages 3
deck 7785 preimages 84
deck 7786 preimages 57
deck 7787 preimages 9
deck 7788 preimages 25
deck 7789 preimages 25
deck 7790 preimages 32
deck 7791 preimages 20
deck 7792 preimages 15
deck 7793 preimages 3
deck 7794 preimages 49
deck 7795 preimages 16
deck 7796 preimages 40
deck 7797 preimages 76
deck 7798 preimages 32
deck 7799 preimages 7
deck 7800 preimages 27
deck 7801 preimages 49
deck 7802 preimages 16
deck 7803 preimages 10
deck 7804 preimages 8
deck 7805 preimages 18
deck 7806 preimages 29
deck 7807 preimages 20
deck 7808 preimages 21
deck 7809 preimages 7
deck 7810 preimages 15
deck 7811 preimages 12
deck 7812 preimages 11
deck 7813 preimages 11
deck 7814 preimages 11
deck 7815 preimages 35
deck 7816 preimages 28
deck 7817 preimages 62
deck 7818 preimages 39
deck 7819 preimages 36
deck 7820 preimages 18
deck 7821 preimages 19
deck 7822 preimages 28
deck 7823 preimages 37
deck 7824 preimages 32
deck 7825 preimages 27
deck 7826 preimages 43
deck 7827 preimages 19
deck 7828 preimages 23
deck 7829 preimages 5
deck 7830 preimages 10
deck 7831 preimages 15
deck 7832 preimages 40
deck 7833 preimages 29
deck 7834 preimages 14
deck 7835 preimages 23
deck 7836 preimages 16
deck 7837 preimages 70
deck 7838 preimages 40
deck 7839 preimages 28
deck 7840 preimages 24
deck 7841 preimages 13
deck 7842 preimages 8
deck 7843 preimages 18
deck 7844 preimages 15
deck 7845 preimages 37
deck 7846 preimages 25
deck 7847 preimages 7
deck 7848 preimages 33
deck 7849 preimages 4
deck 7850 preimages 12
deck 7851 preimages 19
deck 7852 preimages 11
deck 7853 preimages 9
deck 7854 preimages 3
deck 7855 preimages 8
deck 7856 preimages 10
deck 7857 preimages 8
deck 7858 preimages 51
deck 7859 preimages 13
deck 7860 preimages 16
deck 7861 preimages 49
deck 7862 preimages 9
deck 7863 preimages 25
deck 7864 preimages 161
deck 7865 preimages 51
deck 7866 preimages 74
deck 7867 preimages 16
deck 7868 preimages 8
deck 7869 preimages 20
deck 7870 preimages 36
deck 7871 preimages 21
deck 7872 preimages 20
deck 7873 preimages 28
deck 7874 preimages 19
deck 7875 preimages 15
deck 7876 preimages 10
deck 7877 preimages 10
deck 7878 preimages 26
deck 7879 preimages 99
deck 7880 preimages 4
deck 7881 preimages 3
deck 7882 preimages 16
deck 7883 preimages 26
deck 7884 preimages 16
deck 7885 preimages 6
deck 7886 preimages 6
deck 7887 preimages 106
deck 7888 preimages 15
deck 7889 preimages 19
deck 7890 preimages 4
deck 7891 preimages 18
deck 7892 preimages 1
deck 7893 preimages 26
deck 7894 preimages 19
deck 7895 preimages 21
deck 7896 preimages 32
deck 7897 preimages 24
deck 7898 preimages 23
deck 7899 preimages 31
deck 7900 preimages 28
deck 7901 preimages 25
deck 7902 preimages 6
deck 7903 preimages 31
deck 7904 preimages 15
deck 7905 preimages 14
deck 7906 preimages 24
deck 7907 preimages 31
deck 7908 preimages 39
deck 7909 preimages 54
deck 7910 preimages 14
deck 7911 preimages 60
deck 7912 preimages 8
deck 7913 preimages 22
deck 7914 preimages 4
deck 7915 preimages 42
deck 7916 preimages 48
deck 7917 preimages 19
deck 7918 preimages 24
deck 7919 preimages 15
deck 7920 preimages 18
deck 7921 preimages 28
deck 7922 preimages 19
deck 7923 preimages 34
deck 7924 preimages 26
deck 7925 preimages 2
deck 7926 preimages 16
deck 7927 preimages 25
deck 7928 preimages 45
deck 7929 preimages 10
deck 7930 preimages 87
deck 7931 preimages 5
deck 7932 preimages 33
deck 7933 preimages 16
deck 7934 preimages 14
deck 7935 preimages 9
deck 7936 preimages 54
deck 7937 preimages 19
deck 7938 preimages 10
deck 7939 preimages 36
deck 7940 preimages 29
deck 7941 preimages 9
deck 7942 preimages 15
deck 7943 preimages 7
deck 7944 preimages 45
deck 7945 preimages 29
deck 7946 preimages 29
deck 7947 preimages 89
deck 7948 preimages 16
deck 7949 preimages 18
deck 7950 preimages 21
deck 7951 preimages 13
deck 7952 preimages 86
deck 7953 preimages 17
deck 7954 preimages 5
deck 7955 preimages 9
deck 7956 preimages 37
deck 7957 preimages 8
deck 7958 preimages 25
deck 7959 preimages 51
deck 7960 preimages 60
deck 7961 preimages 85
deck 7962 preimages 13
deck 7963 preimages 26
deck 7964 preimages 3
deck 7965 preimages 8
deck 7966 preimages 17
deck 7967 preimages 21
deck 7968 preimages 20
deck 7969 preimages 5
deck 7970 preimages 30
deck 7971 preimages 6
deck 7972 preimages 17
deck 7973 preimages 22
deck 7974 preimages 7
deck 7975 preimages 29
deck 7976 preimages 17
deck 7977 preimages 4
deck 7978 preimages 10
deck 7979 preimages 2
deck 7980 preimages 94
deck 7981 preimages 28
deck 7982 preimages 9
deck 7983 preimages 29
deck 7984 preimages 82
deck 7985 preimages 19
deck 7986 preimages 40
deck 7987 preimages 43
deck 7988 preimages 20
deck 7989 preimages 4
deck 7990 preimages 33
deck 7991 preimages 23
deck 7992 preimages 58
deck 7993 preimages 8
deck 7994 preimages 36
deck 7995 preimages 8
deck 7996 preimages 9
deck 7997 preimages 8
deck 7998 preimages 64
deck 7999 preimages 34
deck 8000 preimages 92
deck 8001 preimages 44
deck 8002 preimages 8
deck 8003 preimages 40
deck 8004 preimages 54
deck 8005 preimages 21
deck 8006 preimages 18
deck 8007 preimages 4
deck 8008 preimages 2
deck 8009 preimages 42
deck 8010 preimages 29
deck 8011 preimages 32
deck 8012 preimages 13
deck 8013 preimages 13
deck 8014 preimages 25
deck 8015 preimages 56
deck 8016 preimages 38
deck 8017 preimages 24
deck 8018 preimages 15
deck 8019 preimages 54
deck 8020 preimages 6
deck 8021 preimages 11
deck 8022 preimages 2
deck 8023 preimages 58
deck 8024 preimages 16
deck 8025 preimages 11
deck 8026 preimages 36
deck 8027 preimages 9
deck 8028 preimages 17
deck 8029 preimages 42
deck 8030 preimages 47
deck 8031 preimages 32
deck 8032 preimages 8
deck 8033 preimages 10
deck 8034 preimages 12
deck 8035 preimages 3
deck 8036 preimages 24
deck 8037 preimages 44
deck 8038 preimages 94
deck 8039 preimages 18
deck 8040 preimages 18
deck 8041 preimages 72
deck 8042 preimages 35
deck 8043 preimages 27
deck 8044 preimages 9
deck 8045 preimages 19
deck 8046 preimages 17
deck 8047 preimages 12
deck 8048 preimages 19
deck 8049 preimages 4
deck 8050 preimages 24
deck 8051 preimages 4
deck 8052 preimages 3
deck 8053 preimages 3
deck 8054 preimages 6
deck 8055 preimages 58
deck 8056 preimages 10
deck 8057 preimages 87
deck 8058 preimages 5
deck 8059 preimages 24
deck 8060 preimages 57
deck 8061 preimages 52
deck 8062 preimages 147
deck 8063 preimages 13
deck 8064 preimages 43
deck 8065 preimages 47
deck 8066 preimages 7
deck 8067 preimages 7
deck 8068 preimages 2
deck 8069 preimages 19
deck 8070 preimages 8
deck 8071 preimages 15
deck 8072 preimages 120
deck 8073 preimages 32
deck 8074 preimages 17
deck 8075 preimages 87
deck 8076 preimages 41
deck 8077 preimages 5
deck 8078 preimages 8
deck 8079 preimages 40
deck 8080 preimages 62
deck 8081 preimages 25
deck 8082 preimages 1
deck 8083 preimages 3
deck 8084 preimages 11
deck 8085 preimages 11
deck 8086 preimages 13
deck 8087 preimages 4
deck 8088 preimages 10
deck 8089 preimages 13
deck 8090 preimages 52
deck 8091 preimages 165
deck 8092 preimages 7
deck 8093 preimages 32
deck 8094 preimages 92
deck 8095 preimages 11
deck 8096 preimages 14
deck 8097 preimages 47
deck 8098 preimages 7
deck 8099 preimages 21
deck 8100 preimages 10
deck 8101 preimages 7
deck 8102 preimages 16
deck 8103 preimages 3
deck 8104 preimages 25
deck 8105 preimages 40
deck 8106 preimages 21
deck 8107 preimages 63
deck 8108 preimages 34
deck 8109 preimages 93
deck 8110 preimages 3
deck 8111 preimages 7
deck 8112 preimages 5
deck 8113 preimages 22
deck 8114 preimages 74
deck 8115 preimages 17
deck 8116 preimages 20
deck 8117 preimages 12
deck 8118 preimages 26
deck 8119 preimages 88
deck 8120 preimages 4
deck 8121 preimages 31
deck 8122 preimages 30
deck 8123 preimages 26
deck 8124 preimages 6
deck 8125 preimages 13
deck 8126 preimages 8
deck 8127 preimages 31
deck 8128 preimages 5
deck 8129 preimages 2
deck 8130 preimages 18
deck 8131 preimages 11
deck 8132 preimages 28
deck 8133 preimages 51
deck 8134 preimages 118
deck 8135 preimages 36
deck 8136 preimages 8
deck 8137 preimages 36
deck 8138 preimages 17
deck 8139 preimages 3
deck 8140 preimages 7
deck 8141 preimages 21
deck 8142 preimages 25
deck 8143 preimages 59
deck 8144 preimages 22
deck 8145 preimages 55
deck 8146 preimages 47
deck 8147 preimages 4
deck 8148 preimages 19
deck 8149 preimages 6
deck 8150 preimages 7
deck 8151 preimages 55
deck 8152 preimages 10
deck 8153 preimages 13
deck 8154 preimages 11
deck 8155 preimages 3
deck 8156 preimages 18
deck 8157 preimages 22
deck 8158 preimages 6
deck 8159 preimages 6
deck 8160 preimages 30
deck 8161 preimages 7
deck 8162 preimages 9
deck 8163 preimages 11
deck 8164 preimages 14
deck 8165 preimages 9
deck 8166 preimages 15
deck 8167 preimages 10
deck 8168 preimages 10
deck 8169 preimages 116
deck 8170 preimages 12
deck 8171 preimages 42
deck 8172 preimages 28
deck 8173 preimages 38
deck 8174 preimages 22
deck 8175 preimages 43
deck 8176 preimages 97
deck 8177 preimages 7
deck 8178 preimages 13
deck 8179 preimages 56
deck 8180 preimages 13
deck 8181 preimages 79
deck 8182 preimages 23
deck 8183 preimages 32
deck 8184 preimages 19
deck 8185 preimages 58
deck 8186 preimages 21
deck 8187 preimages 26
deck 8188 preimages 16
deck 8189 preimages 25
deck 8190 preimages 5
deck 8191 preimages 1
deck 8192 preimages 2
deck 8193 preimages 35
deck 8194 preimages 22
deck 8195 preimages 30
deck 8196 preimages 15
deck 8197 preimages 17
deck 8198 preimages 16
deck 8199 preimages 11
deck 8200 preimages 10
deck 8201 preimages 9
deck 8202 preimages 6
deck 8203 preimages 10
deck 8204 preimages 26
deck 8205 preimages 43
deck 8206 preimages 42
deck 8207 preimages 4
deck 8208 preimages 2
deck 8209 preimages 88
deck 8210 preimages 10
deck 8211 preimages 9
deck 8212 preimages 25
deck 8213 preimages 30
deck 8214 preimages 28
deck 8215 preimages 22
deck 8216 preimages 4
deck 8217 preimages 140
deck 8218 preimages 9
deck 8219 preimages 7
deck 8220 preimages 67
deck 8221 preimages 36
deck 8222 preimages 43
deck 8223 preimages 54
deck 8224 preimages 52
deck 8225 preimages 10
deck 8226 preimages 30
deck 8227 preimages 13
deck 8228 preimages 2
deck 8229 preimages 2
deck 8230 preimages 23
deck 8231 preimages 15
deck 8232 preimages 4
deck 8233 preimages 15
deck 8234 preimages 11
deck 8235 preimages 32
deck 8236 preimages 8
deck 8237 preimages 11
deck 8238 preimages 9
deck 8239 preimages 8
deck 8240 preimages 69
deck 8241 preimages 2
deck 8242 preimages 15
deck 8243 preimages 62
deck 8244 preimages 20
deck 8245 preimages 15
deck 8246 preimages 25
deck 8247 preimages 9
deck 8248 preimages 60
deck 8249 preimages 31
deck 8250 preimages 21
deck 8251 preimages 11
deck 8252 preimages 8
deck 8253 preimages 52
deck 8254 preimages 41
deck 8255 preimages 10
deck 8256 preimages 28
deck 8257 preimages 14
deck 8258 preimages 6
deck 8259 preimages 18
deck 8260 preimages 33
deck 8261 preimages 9
deck 8262 preimages 20
deck 8263 preimages 47
deck 8264 preimages 35
deck 8265 preimages 13
deck 8266 preimages 3
deck 8267 preimages 18
deck 8268 preimages 30
deck 8269 preimages 26
deck 8270 preimages 4
deck 8271 preimages 38
deck 8272 preimages 10
deck 8273 preimages 39
deck 8274 preimages 29
deck 8275 preimages 7
deck 8276 preimages 13
deck 8277 preimages 22
deck 8278 preimages 8
deck 8279 preimages 46
deck 8280 preimages 6
deck 8281 preimages 47
deck 8282 preimages 23
deck 8283 preimages 9
deck 8284 preimages 14
deck 8285 preimages 14
deck 8286 preimages 11
deck 8287 preimages 2
deck 8288 preimages 11
deck 8289 preimages 5
deck 8290 preimages 3
deck 8291 preimages 7
deck 8292 preimages 21
deck 8293 preimages 21
deck 8294 preimages 20
deck 8295 preimages 25
deck 8296 preimages 7
deck 8297 preimages 5
deck 8298 preimages 15
deck 8299 preimages 23
deck 8300 preimages 14
deck 8301 preimages 13
deck 8302 preimages 16
deck 8303 preimages 25
deck 8304 preimages 28
deck 8305 preimages 32
deck 8306 preimages 20
deck 8307 preimages 5
deck 8308 preimages 14
deck 8309 preimages 42
deck 8310 preimages 17
deck 8311 preimages 42
deck 8312 preimages 36
deck 8313 preimages 10
deck 8314 preimages 3
deck 8315 preimages 25
deck 8316 preimages 4
deck 8317 preimages 16
deck 8318 preimages 41
deck 8319 preimages 5
deck 8320 preimages 23
deck 8321 preimages 10
deck 8322 preimages 48
deck 8323 preimages 23
deck 8324 preimages 16
deck 8325 preimages 17
deck 8326 preimages 31
deck 8327 preimages 5
deck 8328 preimages 11
deck 8329 preimages 14
deck 8330 preimages 20
deck 8331 preimages 36
deck 8332 preimages 18
deck 8333 preimages 30
deck 8334 preimages 6
deck 8335 preimages 13
deck 8336 preimages 18
deck 8337 preimages 6
deck 8338 preimages 8
deck 8339 preimages 6
deck 8340 preimages 57
deck 8341 preimages 63
deck 8342 preimages 23
deck 8343 preimages 9
deck 8344 preimages 19
deck 8345 preimages 29
deck 8346 preimages 42
deck 8347 preimages 11
deck 8348 preimages 11
deck 8349 preimages 34
deck 8350 preimages 24
deck 8351 preimages 16
deck 8352 preimages 41
deck 8353 preimages 5
deck 8354 preimages 21
deck 8355 preimages 5
deck 8356 preimages 16
deck 8357 preimages 11
deck 8358 preimages 40
deck 8359 preimages 3
deck 8360 preimages 30
deck 8361 preimages 34
deck 8362 preimages 28
deck 8363 preimages 46
deck 8364 preimages 18
deck 8365 preimages 26
deck 8366 preimages 16
deck 8367 preimages 10
deck 8368 preimages 23
deck 8369 preimages 21
deck 8370 preimages 20
deck 8371 preimages 9
deck 8372 preimages 43
deck 8373 preimages 11
deck 8374 preimages 69
deck 8375 preimages 10
deck 8376 preimages 33
deck 8377 preimages 12
deck 8378 preimages 10
deck 8379 preimages 22
deck 8380 preimages 9
deck 8381 preimages 33
deck 8382 preimages 43
deck 8383 preimages 13
deck 8384 preimages 8
deck 8385 preimages 3
deck 8386 preimages 43
deck 8387 preimages 41
deck 8388 preimages 16
deck 8389 preimages 66
deck 8390 preimages 46
deck 8391 preimages 15
deck 8392 preimages 27
deck 8393 preimages 14
deck 8394 preimages 11
deck 8395 preimages 49
deck 8396 preimages 71
deck 8397 preimages 14
deck 8398 preimages 6
deck 8399 preimages 43
deck 8400 preimages 14
deck 8401 preimages 10
deck 8402 preimages 21
deck 8403 preimages 13
deck 8404 preimages 13
deck 8405 preimages 21
deck 8406 preimages 8
deck 8407 preimages 29
deck 8408 preimages 10
deck 8409 preimages 7
deck 8410 preimages 14
deck 8411 preimages 29
deck 8412 preimages 10
deck 8413 preimages 12
deck 8414 preimages 8
deck 8415 preimages 21
deck 8416 preimages 6
deck 8417 preimages 20
deck 8418 preimages 11
deck 8419 preimages 15
deck 8420 preimages 11
deck 8421 preimages 8
deck 8422 preimages 21
deck 8423 preimages 17
deck 8424 preimages 32
deck 8425 preimages 3
deck 8426 preimages 16
deck 8427 preimages 9
deck 8428 preimages 73
deck 8429 preimages 25
deck 8430 preimages 71
deck 8431 preimages 22
deck 8432 preimages 40
deck 8433 preimages 7
deck 8434 preimages 9
deck 8435 preimages 36
deck 8436 preimages 5
deck 8437 preimages 23
deck 8438 preimages 8
deck 8439 preimages 28
deck 8440 preimages 4
deck 8441 preimages 9
deck 8442 preimages 11
deck 8443 preimages 20
deck 8444 preimages 4
deck 8445 preimages 11
deck 8446 preimages 75
deck 8447 preimages 31
deck 8448 preimages 10
deck 8449 preimages 6
deck 8450 preimages 44
deck 8451 preimages 15
deck 8452 preimages 10
deck 8453 preimages 19
deck 8454 preimages 19
deck 8455 preimages 60
deck 8456 preimages 8
deck 8457 preimages 17
deck 8458 preimages 14
deck 8459 preimages 49
deck 8460 preimages 39
deck 8461 preimages 52
deck 8462 preimages 47
deck 8463 preimages 43
deck 8464 preimages 9
deck 8465 preimages 11
deck 8466 preimages 5
deck 8467 preimages 37
deck 8468 preimages 23
deck 8469 preimages 40
deck 8470 preimages 10
deck 8471 preimages 4
deck 8472 preimages 23
deck 8473 preimages 9
deck 8474 preimages 49
deck 8475 preimages 74
deck 8476 preimages 20
deck 8477 preimages 33
deck 8478 preimages 11
deck 8479 preimages 36
deck 8480 preimages 16
deck 8481 preimages 44
deck 8482 preimages 23
deck 8483 preimages 41
deck 8484 preimages 26
deck 8485 preimages 26
deck 8486 preimages 34
deck 8487 preimages 10
deck 8488 preimages 8
deck 8489 preimages 7
deck 8490 preimages 19
deck 8491 preimages 8
deck 8492 preimages 56
deck 8493 preimages 14
deck 8494 preimages 54
deck 8495 preimages 3
deck 8496 preimages 7
deck 8497 preimages 44
deck 8498 preimages 22
deck 8499 preimages 7
deck 8500 preimages 4
deck 8501 preimages 25
deck 8502 preimages 31
deck 8503 preimages 40
deck 8504 preimages 10
deck 8505 preimages 113
deck 8506 preimages 12
deck 8507 preimages 16
deck 8508 preimages 48
deck 8509 preimages 25
deck 8510 preimages 17
deck 8511 preimages 3
deck 8512 preimages 57
deck 8513 preimages 19
deck 8514 preimages 26
deck 8515 preimages 33
deck 8516 preimages 37
deck 8517 preimages 24
deck 8518 preimages 26
deck 8519 preimages 18
deck 8520 preimages 42
deck 8521 preimages 4
deck 8522 preimages 60
deck 8523 preimages 17
deck 8524 preimages 31
deck 8525 preimages 16
deck 8526 preimages 16
deck 8527 preimages 24
deck 8528 preimages 8
deck 8529 preimages 24
deck 8530 preimages 6
deck 8531 preimages 35
deck 8532 preimages 4
deck 8533 preimages 4
deck 8534 preimages 39
deck 8535 preimages 17
deck 8536 preimages 21
deck 8537 preimages 9
deck 8538 preimages 24
deck 8539 preimages 27
deck 8540 preimages 121
deck 8541 preimages 27
deck 8542 preimages 12
deck 8543 preimages 13
deck 8544 preimages 5
deck 8545 preimages 56
deck 8546 preimages 11
deck 8547 preimages 95
deck 8548 preimages 12
deck 8549 preimages 3
deck 8550 preimages 106
deck 8551 preimages 2
deck 8552 preimages 21
deck 8553 preimages 1
deck 8554 preimages 15
deck 8555 preimages 27
deck 8556 preimages 24
deck 8557 preimages 12
deck 8558 preimages 19
deck 8559 preimages 35
deck 8560 preimages 11
deck 8561 preimages 30
deck 8562 preimages 91
deck 8563 preimages 7
deck 8564 preimages 13
deck 8565 preimages 67
deck 8566 preimages 9
deck 8567 preimages 59
deck 8568 preimages 6
deck 8569 preimages 44
deck 8570 preimages 46
deck 8571 preimages 53
deck 8572 preimages 124
deck 8573 preimages 3
deck 8574 preimages 29
deck 8575 preimages 18
deck 8576 preimages 82
deck 8577 preimages 40
deck 8578 preimages 23
deck 8579 preimages 8
deck 8580 preimages 60
deck 8581 preimages 38
deck 8582 preimages 35
deck 8583 preimages 48
deck 8584 preimages 59
deck 8585 preimages 13
deck 8586 preimages 15
deck 8587 preimages 26
deck 8588 preimages 14
deck 8589 preimages 29
deck 8590 preimages 15
deck 8591 preimages 13
deck 8592 preimages 34
deck 8593 preimages 18
deck 8594 preimages 8
deck 8595 preimages 5
deck 8596 preimages 17
deck 8597 preimages 14
deck 8598 preimages 1
deck 8599 preimages 70
deck 8600 preimages 25
deck 8601 preimages 6
deck 8602 preimages 6
deck 8603 preimages 43
deck 8604 preimages 8
deck 8605 preimages 21
deck 8606 preimages 38
deck 8607 preimages 165
deck 8608 preimages 22
deck 8609 preimages 50
deck 8610 preimages 34
deck 8611 preimages 11
deck 8612 preimages 7
deck 8613 preimages 12
deck 8614 preimages 12
deck 8615 preimages 24
deck 8616 preimages 5
deck 8617 preimages 22
deck 8618 preimages 12
deck 8619 preimages 18
deck 8620 preimages 50
deck 8621 preimages 15
deck 8622 preimages 32
deck 8623 preimages 35
deck 8624 preimages 5
deck 8625 preimages 3
deck 8626 preimages 39
deck 8627 preimages 13
deck 8628 preimages 14
deck 8629 preimages 30
deck 8630 preimages 14
deck 8631 preimages 17
deck 8632 preimages 31
deck 8633 preimages 14
deck 8634 preimages 9
deck 8635 preimages 24
deck 8636 preimages 23
deck 8637 preimages 19
deck 8638 preimages 47
deck 8639 preimages 35
deck 8640 preimages 50
deck 8641 preimages 11
deck 8642 preimages 51
deck 8643 preimages 10
deck 8644 preimages 22
deck 8645 preimages 22
deck 8646 preimages 4
deck 8647 preimages 43
deck 8648 preimages 16
deck 8649 preimages 15
deck 8650 preimages 5
deck 8651 preimages 34
deck 8652 preimages 17
deck 8653 preimages 49
deck 8654 preimages 7
deck 8655 preimages 72
deck 8656 preimages 7
deck 8657 preimages 7
deck 8658 preimages 4
deck 8659 preimages 16
deck 8660 preimages 8
deck 8661 preimages 36
deck 8662 preimages 11
deck 8663 preimages 29
deck 8664 preimages 28
deck 8665 preimages 14
deck 8666 preimages 13
deck 8667 preimages 17
deck 8668 preimages 22
deck 8669 preimages 32
deck 8670 preimages 19
deck 8671 preimages 6
deck 8672 preimages 36
deck 8673 preimages 12
deck 8674 preimages 118
deck 8675 preimages 57
deck 8676 preimages 80
deck 8677 preimages 16
deck 8678 preimages 60
deck 8679 preimages 9
deck 8680 preimages 70
deck 8681 preimages 45
deck 8682 preimages 20
deck 8683 preimages 155
deck 8684 preimages 3
deck 8685 preimages 29
deck 8686 preimages 19
deck 8687 preimages 16
deck 8688 preimages 21
deck 8689 preimages 4
deck 8690 preimages 32
deck 8691 preimages 19
deck 8692 preimages 21
deck 8693 preimages 5
deck 8694 preimages 32
deck 8695 preimages 3
deck 8696 preimages 20
deck 8697 preimages 99
deck 8698 preimages 15
deck 8699 preimages 14
deck 8700 preimages 18
deck 8701 preimages 22
deck 8702 preimages 14
deck 8703 preimages 9
deck 8704 preimages 24
deck 8705 preimages 11
deck 8706 preimages 13
deck 8707 preimages 83
deck 8708 preimages 12
deck 8709 preimages 52
deck 8710 preimages 95
deck 8711 preimages 17
deck 8712 preimages 27
deck 8713 preimages 26
deck 8714 preimages 33
deck 8715 preimages 21
deck 8716 preimages 54
deck 8717 preimages 9
deck 8718 preimages 5
deck 8719 preimages 12
deck 8720 preimages 42
deck 8721 preimages 15
deck 8722 preimages 9
deck 8723 preimages 11
deck 8724 preimages 4
deck 8725 preimages 28
deck 8726 preimages 21
deck 8727 preimages 17
deck 8728 preimages 43
deck 8729 preimages 26
deck 8730 preimages 70
deck 8731 preimages 18
deck 8732 preimages 8
deck 8733 preimages 25
deck 8734 preimages 106
deck 8735 preimages 38
deck 8736 preimages 5
deck 8737 preimages 44
deck 8738 preimages 31
deck 8739 preimages 5
deck 8740 preimages 20
deck 8741 preimages 93
deck 8742 preimages 1
deck 8743 preimages 4
deck 8744 preimages 33
deck 8745 preimages 9
deck 8746 preimages 8
deck 8747 preimages 26
deck 8748 preimages 4
deck 8749 preimages 105
deck 8750 preimages 3
deck 8751 preimages 31
deck 8752 preimages 25
deck 8753 preimages 40
deck 8754 preimages 4
deck 8755 preimages 28
deck 8756 preimages 14
deck 8757 preimages 23
deck 8758 preimages 54
deck 8759 preimages 60
deck 8760 preimages 90
deck 8761 preimages 105
deck 8762 preimages 30
deck 8763 preimages 27
deck 8764 preimages 25
deck 8765 preimages 32
deck 8766 preimages 16
deck 8767 preimages 80
deck 8768 preimages 40
deck 8769 preimages 10
deck 8770 preimages 28
deck 8771 preimages 20
deck 8772 preimages 41
deck 8773 preimages 6
deck 8774 preimages 15
deck 8775 preimages 24
deck 8776 preimages 7
deck 8777 preimages 4
deck 8778 preimages 15
deck 8779 preimages 21
deck 8780 preimages 38
deck 8781 preimages 18
deck 8782 preimages 27
deck 8783 preimages 21
deck 8784 preimages 16
deck 8785 preimages 6
deck 8786 preimages 82
deck 8787 preimages 7
deck 8788 preimages 20
deck 8789 preimages 11
deck 8790 preimages 49
deck 8791 preimages 86
deck 8792 preimages 8
deck 8793 preimages 17
deck 8794 preimages 10
deck 8795 preimages 104
deck 8796 preimages 36
deck 8797 preimages 20
deck 8798 preimages 67
deck 8799 preimages 5
deck 8800 preimages 2
deck 8801 preimages 49
deck 8802 preimages 9
deck 8803 preimages 10
deck 8804 preimages 31
deck 8805 preimages 25
deck 8806 preimages 14
deck 8807 preimages 41
deck 8808 preimages 18
deck 8809 preimages 50
deck 8810 preimages 5
deck 8811 preimages 16
deck 8812 preimages 12
deck 8813 preimages 7
deck 8814 preimages 19
deck 8815 preimages 29
deck 8816 preimages 49
deck 8817 preimages 6
deck 8818 preimages 21
deck 8819 preimages 33
deck 8820 preimages 10
deck 8821 preimages 33
deck 8822 preimages 24
deck 8823 preimages 9
deck 8824 preimages 17
deck 8825 preimages 25
deck 8826 preimages 3
deck 8827 preimages 16
deck 8828 preimages 2
deck 8829 preimages 17
deck 8830 preimages 6
deck 8831 preimages 70
deck 8832 preimages 6
deck 8833 preimages 14
deck 8834 preimages 27
deck 8835 preimages 4
deck 8836 preimages 17
deck 8837 preimages 8
deck 8838 preimages 14
deck 8839 preimages 39
deck 8840 preimages 3
deck 8841 preimages 4
deck 8842 preimages 41
deck 8843 preimages 13
deck 8844 preimages 60
deck 8845 preimages 16
deck 8846 preimages 44
deck 8847 preimages 18
deck 8848 preimages 6
deck 8849 preimages 57
deck 8850 preimages 61
deck 8851 preimages 24
deck 8852 preimages 11
deck 8853 preimages 67
deck 8854 preimages 9
deck 8855 preimages 14
deck 8856 preimages 18
deck 8857 preimages 11
deck 8858 preimages 6
deck 8859 preimages 15
deck 8860 preimages 32
deck 8861 preimages 39
deck 8862 preimages 38
deck 8863 preimages 5
deck 8864 preimages 10
deck 8865 preimages 2
deck 8866 preimages 60
deck 8867 preimages 11
deck 8868 preimages 15
deck 8869 preimages 30
deck 8870 preimages 5
deck 8871 preimages 59
deck 8872 preimages 9
deck 8873 preimages 28
deck 8874 preimages 9
deck 8875 preimages 17
deck 8876 preimages 24
deck 8877 preimages 37
deck 8878 preimages 23
deck 8879 preimages 26
deck 8880 preimages 22
deck 8881 preimages 31
deck 8882 preimages 19
deck 8883 preimages 5
deck 8884 preimages 22
deck 8885 preimages 17
deck 8886 preimages 27
deck 8887 preimages 43
deck 8888 preimages 41
deck 8889 preimages 4
deck 8890 preimages 9
deck 8891 preimages 5
deck 8892 preimages 42
deck 8893 preimages 50
deck 8894 preimages 12
deck 8895 preimages 31
deck 8896 preimages 3
deck 8897 preimages 16
deck 8898 preimages 5
deck 8899 preimages 25
deck 8900 preimages 4
deck 8901 preimages 4
deck 8902 preimages 8
deck 8903 preimages 21
deck 8904 preimages 56
deck 8905 preimages 27
deck 8906 preimages 37
deck 8907 preimages 24
deck 8908 preimages 15
deck 8909 preimages 3
deck 8910 preimages 11
deck 8911 preimages 9
deck 8912 preimages 16
deck 8913 preimages 32
deck 8914 preimages 20
deck 8915 preimages 5
deck 8916 preimages 8
deck 8917 preimages 35
deck 8918 preimages 50
deck 8919 preimages 45
deck 8920 preimages 6
deck 8921 preimages 17
deck 8922 preimages 125
deck 8923 preimages 3
deck 8924 preimages 2
deck 8925 preimages 80
deck 8926 preimages 19
deck 8927 preimages 9
deck 8928 preimages 13
deck 8929 preimages 7
deck 8930 preimages 80
deck 8931 preimages 9
deck 8932 preimages 14
deck 8933 preimages 12
deck 8934 preimages 21
deck 8935 preimages 9
deck 8936 preimages 52
deck 8937 preimages 79
deck 8938 preimages 21
deck 8939 preimages 7
deck 8940 preimages 26
deck 8941 preimages 2
deck 8942 preimages 52
deck 8943 preimages 8
deck 8944 preimages 78
deck 8945 preimages 65
deck 8946 preimages 9
deck 8947 preimages 14
deck 8948 preimages 49
deck 8949 preimages 56
deck 8950 preimages 8
deck 8951 preimages 13
deck 8952 preimages 11
deck 8953 preimages 20
deck 8954 preimages 18
deck 8955 preimages 16
deck 8956 preimages 102
deck 8957 preimages 24
deck 8958 preimages 3
deck 8959 preimages 29
deck 8960 preimages 23
deck 8961 preimages 8
deck 8962 preimages 12
deck 8963 preimages 28
deck 8964 preimages 18
deck 8965 preimages 14
deck 8966 preimages 8
deck 8967 preimages 5
deck 8968 preimages 7
deck 8969 preimages 10
deck 8970 preimages 20
deck 8971 preimages 84
deck 8972 preimages 20
deck 8973 preimages 22
deck 8974 preimages 4
deck 8975 preimages 24
deck 8976 preimages 5
deck 8977 preimages 72
deck 8978 preimages 13
deck 8979 preimages 18
deck 8980 preimages 8
deck 8981 preimages 11
deck 8982 preimages 76
deck 8983 preimages 2
deck 8984 preimages 35
deck 8985 preimages 43
deck 8986 preimages 8
deck 8987 preimages 67
deck 8988 preimages 25
deck 8989 preimages 16
deck 8990 preimages 10
deck 8991 preimages 29
deck 8992 preimages 14
deck 8993 preimages 61
deck 8994 preimages 6
deck 8995 preimages 38
deck 8996 preimages 18
deck 8997 preimages 25
deck 8998 preimages 29
deck 8999 preimages 18
deck 9000 preimages 3
deck 9001 preimages 3
deck 9002 preimages 29
deck 9003 preimages 74
deck 9004 preimages 12
deck 9005 preimages 44
deck 9006 preimages 18
deck 9007 preimages 49
deck 9008 preimages 24
deck 9009 preimages 46
deck 9010 preimages 17
deck 9011 preimages 24
deck 9012 preimages 12
deck 9013 preimages 9
deck 9014 preimages 11
deck 9015 preimages 62
deck 9016 preimages 66
deck 9017 preimages 19
deck 9018 preimages 5
deck 9019 preimages 58
deck 9020 preimages 45
deck 9021 preimages 3
deck 9022 preimages 5
deck 9023 preimages 53
deck 9024 preimages 15
deck 9025 preimages 20
deck 9026 preimages 3
deck 9027 preimages 15
deck 9028 preimages 32
deck 9029 preimages 28
deck 9030 preimages 23
deck 9031 preimages 22
deck 9032 preimages 11
deck 9033 preimages 13
deck 9034 preimages 23
deck 9035 preimages 47
deck 9036 preimages 16
deck 9037 preimages 11
deck 9038 preimages 18
deck 9039 preimages 40
deck 9040 preimages 11
deck 9041 preimages 153
deck 9042 preimages 25
deck 9043 preimages 16
deck 9044 preimages 22
deck 9045 preimages 6
deck 9046 preimages 28
deck 9047 preimages 27
deck 9048 preimages 23
deck 9049 preimages 6
deck 9050 preimages 28
deck 9051 preimages 2
deck 9052 preimages 39
deck 9053 preimages 30
deck 9054 preimages 54
deck 9055 preimages 1
deck 9056 preimages 36
deck 9057 preimages 4
deck 9058 preimages 19
deck 9059 preimages 6
deck 9060 preimages 22
deck 9061 preimages 3
deck 9062 preimages 5
deck 9063 preimages 20
deck 9064 preimages 17
deck 9065 preimages 16
deck 9066 preimages 82
deck 9067 preimages 34
deck 9068 preimages 13
deck 9069 preimages 30
deck 9070 preimages 75
deck 9071 preimages 4
deck 9072 preimages 9
deck 9073 preimages 5
deck 9074 preimages 27
deck 9075 preimages 27
deck 9076 preimages 31
deck 9077 preimages 35
deck 9078 preimages 15
deck 9079 preimages 13
deck 9080 preimages 36
deck 9081 preimages 18
deck 9082 preimages 22
deck 9083 preimages 26
deck 9084 preimages 12
deck 9085 preimages 15
deck 9086 preimages 37
deck 9087 preimages 11
deck 9088 preimages 16
deck 9089 preimages 9
deck 9090 preimages 56
deck 9091 preimages 19
deck 9092 preimages 21
deck 9093 preimages 35
deck 9094 preimages 85
deck 9095 preimages 17
deck 9096 preimages 43
deck 9097 preimages 22
deck 9098 preimages 37
deck 9099 preimages 17
deck 9100 preimages 17
deck 9101 preimages 17
deck 9102 preimages 23
deck 9103 preimages 11
deck 9104 preimages 6
deck 9105 preimages 8
deck 9106 preimages 75
deck 9107 preimages 45
deck 9108 preimages 10
deck 9109 preimages 9
deck 9110 preimages 53
deck 9111 preimages 15
deck 9112 preimages 125
deck 9113 preimages 21
deck 9114 preimages 19
deck 9115 preimages 17
deck 9116 preimages 17
deck 9117 preimages 9
deck 9118 preimages 5
deck 9119 preimages 54
deck 9120 preimages 30
deck 9121 preimages 4
deck 9122 preimages 12
deck 9123 preimages 28
deck 9124 preimages 7
deck 9125 preimages 22
deck 9126 preimages 24
deck 9127 preimages 9
deck 9128 preimages 14
deck 9129 preimages 18
deck 9130 preimages 12
deck 9131 preimages 47
deck 9132 preimages 56
deck 9133 preimages 45
deck 9134 preimages 25
deck 9135 preimages 112
deck 9136 preimages 62
deck 9137 preimages 1
deck 9138 preimages 18
deck 9139 preimages 4
deck 9140 preimages 1
deck 9141 preimages 25
deck 9142 preimages 31
deck 9143 preimages 8
deck 9144 preimages 32
deck 9145 preimages 45
deck 9146 preimages 14
deck 9147 preimages 22
deck 9148 preimages 40
deck 9149 preimages 3
deck 9150 preimages 59
deck 9151 preimages 11
deck 9152 preimages 9
deck 9153 preimages 10
deck 9154 preimages 35
deck 9155 preimages 30
deck 9156 preimages 12
deck 9157 preimages 6
deck 9158 preimages 35
deck 9159 preimages 41
deck 9160 preimages 19
deck 9161 preimages 7
deck 9162 preimages 44
deck 9163 preimages 16
deck 9164 preimages 23
deck 9165 preimages 48
deck 9166 preimages 28
deck 9167 preimages 17
deck 9168 preimages 7
deck 9169 preimages 4
deck 9170 preimages 6
deck 9171 preimages 6
deck 9172 preimages 35
deck 9173 preimages 6
deck 9174 preimages 46
deck 9175 preimages 3
deck 9176 preimages 32
deck 9177 preimages 43
deck 9178 preimages 17
deck 9179 preimages 30
deck 9180 preimages 8
deck 9181 preimages 20
deck 9182 preimages 21
deck 9183 preimages 3
deck 9184 preimages 17
deck 9185 preimages 36
deck 9186 preimages 84
deck 9187 preimages 2
deck 9188 preimages 13
deck 9189 preimages 31
deck 9190 preimages 17
deck 9191 preimages 40
deck 9192 preimages 13
deck 9193 preimages 42
deck 9194 preimages 5
deck 9195 preimages 36
deck 9196 preimages 35
deck 9197 preimages 15
deck 9198 preimages 20
deck 9199 preimages 35
deck 9200 preimages 2
deck 9201 preimages 6
deck 9202 preimages 17
deck 9203 preimages 7
deck 9204 preimages 21
deck 9205 preimages 14
deck 9206 preimages 12
deck 9207 preimages 16
deck 9208 preimages 58
deck 9209 preimages 28
deck 9210 preimages 32
deck 9211 preimages 14
deck 9212 preimages 8
deck 9213 preimages 16
deck 9214 preimages 71
deck 9215 preimages 12
deck 9216 preimages 21
deck 9217 preimages 2
deck 9218 preimages 37
deck 9219 preimages 17
deck 9220 preimages 50
deck 9221 preimages 8
deck 9222 preimages 40
deck 9223 preimages 6
deck 9224 preimages 16
deck 9225 preimages 41
deck 9226 preimages 17
deck 9227 preimages 45
deck 9228 preimages 35
deck 9229 preimages 48
deck 9230 preimages 11
deck 9231 preimages 28
deck 9232 preimages 6
deck 9233 preimages 8
deck 9234 preimages 49
deck 9235 preimages 21
deck 9236 preimages 3
deck 9237 preimages 60
deck 9238 preimages 26
deck 9239 preimages 18
deck 9240 preimages 80
deck 9241 preimages 62
deck 9242 preimages 28
deck 9243 preimages 20
deck 9244 preimages 11
deck 9245 preimages 24
deck 9246 preimages 20
deck 9247 preimages 3
deck 9248 preimages 20
deck 9249 preimages 95
deck 9250 preimages 18
deck 9251 preimages 21
deck 9252 preimages 50
deck 9253 preimages 30
deck 9254 preimages 42
deck 9255 preimages 120
deck 9256 preimages 8
deck 9257 preimages 5
deck 9258 preimages 37
deck 9259 preimages 25
deck 9260 preimages 78
deck 9261 preimages 6
deck 9262 preimages 7
deck 9263 preimages 6
deck 9264 preimages 37
deck 9265 preimages 42
deck 9266 preimages 21
deck 9267 preimages 23
deck 9268 preimages 10
deck 9269 preimages 19
deck 9270 preimages 10
deck 9271 preimages 17
deck 9272 preimages 31
deck 9273 preimages 5
deck 9274 preimages 23
deck 9275 preimages 8
deck 9276 preimages 13
deck 9277 preimages 28
deck 9278 preimages 15
deck 9279 preimages 5
deck 9280 preimages 30
deck 9281 preimages 4
deck 9282 preimages 58
deck 9283 preimages 7
deck 9284 preimages 14
deck 9285 preimages 48
deck 9286 preimages 31
deck 9287 preimages 4
deck 9288 preimages 18
deck 9289 preimages 39
deck 9290 preimages 8
deck 9291 preimages 15
deck 9292 preimages 10
deck 9293 preimages 19
deck 9294 preimages 19
deck 9295 preimages 11
deck 9296 preimages 17
deck 9297 preimages 32
deck 9298 preimages 26
deck 9299 preimages 53
deck 9300 preimages 61
deck 9301 preimages 4
deck 9302 preimages 21
deck 9303 preimages 45
deck 9304 preimages 8
deck 9305 preimages 8
deck 9306 preimages 8
deck 9307 preimages 15
deck 9308 preimages 40
deck 9309 preimages 39
deck 9310 preimages 9
deck 9311 preimages 36
deck 9312 preimages 37
deck 9313 preimages 81
deck 9314 preimages 18
deck 9315 preimages 11
deck 9316 preimages 4
deck 9317 preimages 32
deck 9318 preimages 110
deck 9319 preimages 6
deck 9320 preimages 28
deck 9321 preimages 7
deck 9322 preimages 18
deck 9323 preimages 29
deck 9324 preimages 89
deck 9325 preimages 26
deck 9326 preimages 5
deck 9327 preimages 7
deck 9328 preimages 23
deck 9329 preimages 50
deck 9330 preimages 17
deck 9331 preimages 8
deck 9332 preimages 47
deck 9333 preimages 32
deck 9334 preimages 23
deck 9335 preimages 12
deck 9336 preimages 8
deck 9337 preimages 8
deck 9338 preimages 51
deck 9339 preimages 50
deck 9340 preimages 59
deck 9341 preimages 45
deck 9342 preimages 18
deck 9343 preimages 8
deck 9344 preimages 18
deck 9345 preimages 5
deck 9346 preimages 16
deck 9347 preimages 34
deck 9348 preimages 20
deck 9349 preimages 39
deck 9350 preimages 19
deck 9351 preimages 5
deck 9352 preimages 27
deck 9353 preimages 47
deck 9354 preimages 31
deck 9355 preimages 13
deck 9356 preimages 5
deck 9357 preimages 34
deck 9358 preimages 6
deck 9359 preimages 22
deck 9360 preimages 2
deck 9361 preimages 34
deck 9362 preimages 4
deck 9363 preimages 47
deck 9364 preimages 6
deck 9365 preimages 3
deck 9366 preimages 18
deck 9367 preimages 56
deck 9368 preimages 9
deck 9369 preimages 40
deck 9370 preimages 9
deck 9371 preimages 13
deck 9372 preimages 44
deck 9373 preimages 14
deck 9374 preimages 74
deck 9375 preimages 4
deck 9376 preimages 22
deck 9377 preimages 19
deck 9378 preimages 35
deck 9379 preimages 18
deck 9380 preimages 35
deck 9381 preimages 24
deck 9382 preimages 7
deck 9383 preimages 15
deck 9384 preimages 19
deck 9385 preimages 71
deck 9386 preimages 22
deck 9387 preimages 19
deck 9388 preimages 9
deck 9389 preimages 61
deck 9390 preimages 31
deck 9391 preimages 12
deck 9392 preimages 38
deck 9393 preimages 88
deck 9394 preimages 15
deck 9395 preimages 29
deck 9396 preimages 17
deck 9397 preimages 18
deck 9398 preimages 3
deck 9399 preimages 8
deck 9400 preimages 56
deck 9401 preimages 32
deck 9402 preimages 8
deck 9403 preimages 14
deck 9404 preimages 97
deck 9405 preimages 11
deck 9406 preimages 29
deck 9407 preimages 34
deck 9408 preimages 49
deck 9409 preimages 6
deck 9410 preimages 22
deck 9411 preimages 54
deck 9412 preimages 7
deck 9413 preimages 8
deck 9414 preimages 28
deck 9415 preimages 41
deck 9416 preimages 14
deck 9417 preimages 4
deck 9418 preimages 9
deck 9419 preimages 60
deck 9420 preimages 6
deck 9421 preimages 29
deck 9422 preimages 22
deck 9423 preimages 2
deck 9424 preimages 53
deck 9425 preimages 27
deck 9426 preimages 10
deck 9427 preimages 26
deck 9428 preimages 12
deck 9429 preimages 11
deck 9430 preimages 36
deck 9431 preimages 9
deck 9432 preimages 7
deck 9433 preimages 4
deck 9434 preimages 69
deck 9435 preimages 6
deck 9436 preimages 19
deck 9437 preimages 36
deck 9438 preimages 15
deck 9439 preimages 29
deck 9440 preimages 40
deck 9441 preimages 30
deck 9442 preimages 2
deck 9443 preimages 5
deck 9444 preimages 25
deck 9445 preimages 5
deck 9446 preimages 59
deck 9447 preimages 3
deck 9448 preimages 14
deck 9449 preimages 28
deck 9450 preimages 74
deck 9451 preimages 114
deck 9452 preimages 56
deck 9453 preimages 35
deck 9454 preimages 48
deck 9455 preimages 3
deck 9456 preimages 20
deck 9457 preimages 9
deck 9458 preimages 38
deck 9459 preimages 81
deck 9460 preimages 14
deck 9461 preimages 19
deck 9462 preimages 123
deck 9463 preimages 27
deck 9464 preimages 8
deck 9465 preimages 11
deck 9466 preimages 15
deck 9467 preimages 29
deck 9468 preimages 4
deck 9469 preimages 36
deck 9470 preimages 18
deck 9471 preimages 23
deck 9472 preimages 3
deck 9473 preimages 32
deck 9474 preimages 24
deck 9475 preimages 42
deck 9476 preimages 45
deck 9477 preimages 20
deck 9478 preimages 28
deck 9479 preimages 15
deck 9480 preimages 28
deck 9481 preimages 3
deck 9482 preimages 30
deck 9483 preimages 19
deck 9484 preimages 24
deck 9485 preimages 7
deck 9486 preimages 19
deck 9487 preimages 26
deck 9488 preimages 21
deck 9489 preimages 16
deck 9490 preimages 29
deck 9491 preimages 10
deck 9492 preimages 25
deck 9493 preimages 34
deck 9494 preimages 27
deck 9495 preimages 8
deck 9496 preimages 66
deck 9497 preimages 16
deck 9498 preimages 71
deck 9499 preimages 14
deck 9500 preimages 1
deck 9501 preimages 10
deck 9502 preimages 30
deck 9503 preimages 7
deck 9504 preimages 4
deck 9505 preimages 9
deck 9506 preimages 11
deck 9507 preimages 32
deck 9508 preimages 133
deck 9509 preimages 9
deck 9510 preimages 31
deck 9511 preimages 4
deck 9512 preimages 10
deck 9513 preimages 5
deck 9514 preimages 14
deck 9515 preimages 22
deck 9516 preimages 14
deck 9517 preimages 17
deck 9518 preimages 17
deck 9519 preimages 11
deck 9520 preimages 23
deck 9521 preimages 69
deck 9522 preimages 13
deck 9523 preimages 21
deck 9524 preimages 31
deck 9525 preimages 20
deck 9526 preimages 103
deck 9527 preimages 10
deck 9528 preimages 5
deck 9529 preimages 13
deck 9530 preimages 19
deck 9531 preimages 17
deck 9532 preimages 10
deck 9533 preimages 27
deck 9534 preimages 32
deck 9535 preimages 20
deck 9536 preimages 15
deck 9537 preimages 28
deck 9538 preimages 14
deck 9539 preimages 19
deck 9540 preimages 6
deck 9541 preimages 2
deck 9542 preimages 63
deck 9543 preimages 13
deck 9544 preimages 12
deck 9545 preimages 19
deck 9546 preimages 21
deck 9547 preimages 5
deck 9548 preimages 39
deck 9549 preimages 6
deck 9550 preimages 53
deck 9551 preimages 25
deck 9552 preimages 48
deck 9553 preimages 14
deck 9554 preimages 13
deck 9555 preimages 54
deck 9556 preimages 5
deck 9557 preimages 7
deck 9558 preimages 27
deck 9559 preimages 21
deck 9560 preimages 3
deck 9561 preimages 16
deck 9562 preimages 31
deck 9563 preimages 12
deck 9564 preimages 5
deck 9565 preimages 1
deck 9566 preimages 7
deck 9567 preimages 26
deck 9568 preimages 67
deck 9569 preimages 61
deck 9570 preimages 4
deck 9571 preimages 8
deck 9572 preimages 19
deck 9573 preimages 7
deck 9574 preimages 1
deck 9575 preimages 16
deck 9576 preimages 25
deck 9577 preimages 12
deck 9578 preimages 12
deck 9579 preimages 8
deck 9580 preimages 4
deck 9581 preimages 27
deck 9582 preimages 23
deck 9583 preimages 7
deck 9584 preimages 40
deck 9585 preimages 100
deck 9586 preimages 6
deck 9587 preimages 7
deck 9588 preimages 41
deck 9589 preimages 30
deck 9590 preimages 16
deck 9591 preimages 8
deck 9592 preimages 8
deck 9593 preimages 33
deck 9594 preimages 20
deck 9595 preimages 40
deck 9596 preimages 102
deck 9597 preimages 8
deck 9598 preimages 179
deck 9599 preimages 3
deck 9600 preimages 3
deck 9601 preimages 70
deck 9602 preimages 31
deck 9603 preimages 106
deck 9604 preimages 3
deck 9605 preimages 22
deck 9606 preimages 34
deck 9607 preimages 30
deck 9608 preimages 20
deck 9609 preimages 2
deck 9610 preimages 23
deck 9611 preimages 33
deck 9612 preimages 14
deck 9613 preimages 58
deck 9614 preimages 77
deck 9615 preimages 7
deck 9616 preimages 14
deck 9617 preimages 40
deck 9618 preimages 9
deck 9619 preimages 33
deck 9620 preimages 104
deck 9621 preimages 13
deck 9622 preimages 31
deck 9623 preimages 4
deck 9624 preimages 18
deck 9625 preimages 6
deck 9626 preimages 71
deck 9627 preimages 86
deck 9628 preimages 17
deck 9629 preimages 13
deck 9630 preimages 28
deck 9631 preimages 15
deck 9632 preimages 20
deck 9633 preimages 4
deck 9634 preimages 22
deck 9635 preimages 9
deck 9636 preimages 12
deck 9637 preimages 7
deck 9638 preimages 11
deck 9639 preimages 17
deck 9640 preimages 47
deck 9641 preimages 18
deck 9642 preimages 8
deck 9643 preimages 28
deck 9644 preimages 23
deck 9645 preimages 38
deck 9646 preimages 45
deck 9647 preimages 7
deck 9648 preimages 41
deck 9649 preimages 4
deck 9650 preimages 12
deck 9651 preimages 173
deck 9652 preimages 58
deck 9653 preimages 59
deck 9654 preimages 73
deck 9655 preimages 65
deck 9656 preimages 11
deck 9657 preimages 5
deck 9658 preimages 4
deck 9659 preimages 33
deck 9660 preimages 16
deck 9661 preimages 35
deck 9662 preimages 22
deck 9663 preimages 50
deck 9664 preimages 110
deck 9665 preimages 26
deck 9666 preimages 46
deck 9667 preimages 18
deck 9668 preimages 25
deck 9669 preimages 33
deck 9670 preimages 14
deck 9671 preimages 20
deck 9672 preimages 9
deck 9673 preimages 78
deck 9674 preimages 9
deck 9675 preimages 101
deck 9676 preimages 32
deck 9677 preimages 87
deck 9678 preimages 7
deck 9679 preimages 15
deck 9680 preimages 12
deck 9681 preimages 22
deck 9682 preimages 17
deck 9683 preimages 55
deck 9684 preimages 16
deck 9685 preimages 35
deck 9686 preimages 9
deck 9687 preimages 11
deck 9688 preimages 24
deck 9689 preimages 9
deck 9690 preimages 5
deck 9691 preimages 12
deck 9692 preimages 9
deck 9693 preimages 12
deck 9694 preimages 45
deck 9695 preimages 7
deck 9696 preimages 14
deck 9697 preimages 23
deck 9698 preimages 33
deck 9699 preimages 13
deck 9700 preimages 45
deck 9701 preimages 37
deck 9702 preimages 32
deck 9703 preimages 26
deck 9704 preimages 1
deck 9705 preimages 7
deck 9706 preimages 18
deck 9707 preimages 9
deck 9708 preimages 46
deck 9709 preimages 7
deck 9710 preimages 43
deck 9711 preimages 18
deck 9712 preimages 48
deck 9713 preimages 15
deck 9714 preimages 3
deck 9715 preimages 8
deck 9716 preimages 11
deck 9717 preimages 18
deck 9718 preimages 44
deck 9719 preimages 51
deck 9720 preimages 52
deck 9721 preimages 65
deck 9722 preimages 46
deck 9723 preimages 22
deck 9724 preimages 24
deck 9725 preimages 26
deck 9726 preimages 27
deck 9727 preimages 23
deck 9728 preimages 7
deck 9729 preimages 31
deck 9730 preimages 25
deck 9731 preimages 10
deck 9732 preimages 103
deck 9733 preimages 81
deck 9734 preimages 24
deck 9735 preimages 29
deck 9736 preimages 12
deck 9737 preimages 68
deck 9738 preimages 4
deck 9739 preimages 31
deck 9740 preimages 58
deck 9741 preimages 9
deck 9742 preimages 48
deck 9743 preimages 46
deck 9744 preimages 57
deck 9745 preimages 7
deck 9746 preimages 11
deck 9747 preimages 24
deck 9748 preimages 8
deck 9749 preimages 26
deck 9750 preimages 32
deck 9751 preimages 11
deck 9752 preimages 9
deck 9753 preimages 32
deck 9754 preimages 35
deck 9755 preimages 3
deck 9756 preimages 27
deck 9757 preimages 32
deck 9758 preimages 5
deck 9759 preimages 7
deck 9760 preimages 24
deck 9761 preimages 9
deck 9762 preimages 13
deck 9763 preimages 40
deck 9764 preimages 6
deck 9765 preimages 27
deck 9766 preimages 45
deck 9767 preimages 1
deck 9768 preimages 26
deck 9769 preimages 76
deck 9770 preimages 13
deck 9771 preimages 22
deck 9772 preimages 17
deck 9773 preimages 29
deck 9774 preimages 45
deck 9775 preimages 143
deck 9776 preimages 10
deck 9777 preimages 59
deck 9778 preimages 3
deck 9779 preimages 20
deck 9780 preimages 11
deck 9781 preimages 4
deck 9782 preimages 35
deck 9783 preimages 10
deck 9784 preimages 25
deck 9785 preimages 2
deck 9786 preimages 19
deck 9787 preimages 3
deck 9788 preimages 43
deck 9789 preimages 14
deck 9790 preimages 5
deck 9791 preimages 4
deck 9792 preimages 25
deck 9793 preimages 60
deck 9794 preimages 11
deck 9795 preimages 10
deck 9796 preimages 18
deck 9797 preimages 6
deck 9798 preimages 25
deck 9799 preimages 10
deck 9800 preimages 16
deck 9801 preimages 26
deck 9802 preimages 22
deck 9803 preimages 13
deck 9804 preimages 78
deck 9805 preimages 8
deck 9806 preimages 9
deck 9807 preimages 4
deck 9808 preimages 13
deck 9809 preimages 24
deck 9810 preimages 20
deck 9811 preimages 19
deck 9812 preimages 37
deck 9813 preimages 5
deck 9814 preimages 9
deck 9815 preimages 52
deck 9816 preimages 4
deck 9817 preimages 8
deck 9818 preimages 16
deck 9819 preimages 3
deck 9820 preimages 39
deck 9821 preimages 4
deck 9822 preimages 39
deck 9823 preimages 29
deck 9824 preimages 56
deck 9825 preimages 8
deck 9826 preimages 20
deck 9827 preimages 12
deck 9828 preimages 10
deck 9829 preimages 19
deck 9830 preimages 4
deck 9831 preimages 11
deck 9832 preimages 33
deck 9833 preimages 4
deck 9834 preimages 15
deck 9835 preimages 33
deck 9836 preimages 21
deck 9837 preimages 24
deck 9838 preimages 17
deck 9839 preimages 19
deck 9840 preimages 35
deck 9841 preimages 35
deck 9842 preimages 44
deck 9843 preimages 65
deck 9844 preimages 116
deck 9845 preimages 50
deck 9846 preimages 62
deck 9847 preimages 4
deck 9848 preimages 20
deck 9849 preimages 43
deck 9850 preimages 4
deck 9851 preimages 9
deck 9852 preimages 5
deck 9853 preimages 11
deck 9854 preimages 8
deck 9855 preimages 17
deck 9856 preimages 12
deck 9857 preimages 6
deck 9858 preimages 5
deck 9859 preimages 11
deck 9860 preimages 5
deck 9861 preimages 5
deck 9862 preimages 120
deck 9863 preimages 27
deck 9864 preimages 13
deck 9865 preimages 6
deck 9866 preimages 61
deck 9867 preimages 16
deck 9868 preimages 6
deck 9869 preimages 8
deck 9870 preimages 2
deck 9871 preimages 25
deck 9872 preimages 10
deck 9873 preimages 38
deck 9874 preimages 19
deck 9875 preimages 21
deck 9876 preimages 15
deck 9877 preimages 6
deck 9878 preimages 25
deck 9879 preimages 30
deck 9880 preimages 16
deck 9881 preimages 6
deck 9882 preimages 12
deck 9883 preimages 4
deck 9884 preimages 31
deck 9885 preimages 14
deck 9886 preimages 11
deck 9887 preimages 15
deck 9888 preimages 32
deck 9889 preimages 6
deck 9890 preimages 6
deck 9891 preimages 37
deck 9892 preimages 25
deck 9893 preimages 62
deck 9894 preimages 8
deck 9895 preimages 12
deck 9896 preimages 16
deck 9897 preimages 5
deck 9898 preimages 32
deck 9899 preimages 8
deck 9900 preimages 14
deck 9901 preimages 35
deck 9902 preimages 14
deck 9903 preimages 47
deck 9904 preimages 6
deck 9905 preimages 7
deck 9906 preimages 27
deck 9907 preimages 21
deck 9908 preimages 1
deck 9909 preimages 22
deck 9910 preimages 18
deck 9911 preimages 9
deck 9912 preimages 37
deck 9913 preimages 22
deck 9914 preimages 1
deck 9915 preimages 108
deck 9916 preimages 34
deck 9917 preimages 100
deck 9918 preimages 44
deck 9919 preimages 8
deck 9920 preimages 12
deck 9921 preimages 6
deck 9922 preimages 24
deck 9923 preimages 23
deck 9924 preimages 20
deck 9925 preimages 14
deck 9926 preimages 15
deck 9927 preimages 14
deck 9928 preimages 172
deck 9929 preimages 52
deck 9930 preimages 68
deck 9931 preimages 7
deck 9932 preimages 140
deck 9933 preimages 20
deck 9934 preimages 4
deck 9935 preimages 30
deck 9936 preimages 39
deck 9937 preimages 53
deck 9938 preimages 37
deck 9939 preimages 5
deck 9940 preimages 58
deck 9941 preimages 12
deck 9942 preimages 21
deck 9943 preimages 31
deck 9944 preimages 27
deck 9945 preimages 56
deck 9946 preimages 65
deck 9947 preimages 6
deck 9948 preimages 5
deck 9949 preimages 231
deck 9950 preimages 1
deck 9951 preimages 10
deck 9952 preimages 1
deck 9953 preimages 38
deck 9954 preimages 21
deck 9955 preimages 12
deck 9956 preimages 34
deck 9957 preimages 12
deck 9958 preimages 17
deck 9959 preimages 13
deck 9960 preimages 25
deck 9961 preimages 22
deck 9962 preimages 22
deck 9963 preimages 7
deck 9964 preimages 19
deck 9965 preimages 44
deck 9966 preimages 8
deck 9967 preimages 16
deck 9968 preimages 35
deck 9969 preimages 30
deck 9970 preimages 10
deck 9971 preimages 21
deck 9972 preimages 12
deck 9973 preimages 35
deck 9974 preimages 8
deck 9975 preimages 7
deck 9976 preimages 12
deck 9977 preimages 14
deck 9978 preimages 51
deck 9979 preimages 15
deck 9980 preimages 19
deck 9981 preimages 10
deck 9982 preimages 48
deck 9983 preimages 19
deck 9984 preimages 1
deck 9985 preimages 18
deck 9986 preimages 60
deck 9987 preimages 91
deck 9988 preimages 12
deck 9989 preimages 61
deck 9990 preimages 6
deck 9991 preimages 141
deck 9992 preimages 43
deck 9993 preimages 9
deck 9994 preimages 4
deck 9995 preimages 12
deck 9996 preimages 10
deck 9997 preimages 15
deck 9998 preimages 7
deck 9999 preimages 4
V52: 10000 decks: unique preimage 93 (0.93%; of these recovered 93), >= 2 preimages 9907 (99.07%), search capped 0; candidates per blocked step on the true path 1.54; DFS nodes per deck 517
